timestamp,hook_event_name,native_session_id,session,kind,event_id
2026-08-07T01:31:51Z,SessionEnd,1718f55c-e997-4c28-ae31-c271738718df,AgentOS,session_end,621ece5967cd7e8b439b09608435146cd9184ff35bb3ff61843f592547c36ea3
2026-08-07T01:31:54Z,SessionStart,63746ff6-5391-4abe-990d-88c8348e8739,AgentOS,connection_fact,dfa169a8694470f21bb77871ed675812e499a01252e4394dba2171dc560fb2e5
2026-08-07T01:32:34Z,Stop,63746ff6-5391-4abe-990d-88c8348e8739,AgentOS,completed,96a62906c46c999903764dff21c303af8725de428af369aaa72f991e1d937e59
2026-08-07T01:33:35Z,Notification,63746ff6-5391-4abe-990d-88c8348e8739,AgentOS,waiting_user,191e5ce87fb27116e43ee4ea46cbf09e22d46b8e6bb567bb40b74af51047d986
2026-08-07T01:33:53Z,Notification,3aaad826-c51a-4bd3-8720-7f6b141130b4,AgentOS,waiting_user,27643c42d01ec31fdbe73be132d4faaa103ca63cafbb6d11d5118825679961b0
2026-08-07T01:34:50Z,Stop,aa64648b-53ef-4187-b7bc-b4fec5201536,AgentOS,completed,0213c32391a0cbc21b51c206ede5d7d6f78aff7a401777453323a99671392ea7
2026-08-07T01:36:55Z,Stop,aa64648b-53ef-4187-b7bc-b4fec5201536,AgentOS,completed,1820ee53b9705c97f4aaa0a208dc26352f98fedb5696ed851dd321526ea7861b
2026-08-07T01:37:56Z,Notification,aa64648b-53ef-4187-b7bc-b4fec5201536,AgentOS,waiting_user,202d399667c350c3e04f05d51e6378eda51a4d4de2e08effd7e7d415435503c8
2026-08-07T01:38:11Z,Notification,3aaad826-c51a-4bd3-8720-7f6b141130b4,AgentOS,waiting_user,92d3e8b9f109ded3b336f4f73c4bb1e667ffce299b3f4790b45fc2d9ac3dc54d
2026-08-07T01:38:22Z,Stop,63746ff6-5391-4abe-990d-88c8348e8739,AgentOS,completed,a44124058b183c30381753067f2b501e2c0b83934de3a80113624b6f2b301c33
2026-08-07T01:38:33Z,SessionEnd,aa64648b-53ef-4187-b7bc-b4fec5201536,AgentOS,session_end,5c276ee8bf0d6b0b41218864bd758babc5775a1199fbb22fe727686d0a7fbafa
2026-08-07T01:38:36Z,SessionStart,4744a8e8-7aea-497a-81ab-e060cd558548,AgentOS,connection_fact,472be836d7925ea6dba502baea0a5a3ee9464d88b6c39d10767524dbb261fbf8
2026-08-07T01:39:22Z,Notification,63746ff6-5391-4abe-990d-88c8348e8739,AgentOS,waiting_user,fc554337d771c883228fcc6e2e71ce13fc0fcf98372e80c4f3e16ea8b0674a9a
2026-08-07T01:41:50Z,Notification,63746ff6-5391-4abe-990d-88c8348e8739,AgentOS,waiting_user,e2d20c32dac49569c7d8826422f0e384601a30bb617c201d183017460f62f1e7
2026-08-07T01:43:17Z,Notification,3aaad826-c51a-4bd3-8720-7f6b141130b4,i2-final-review,waiting_user,8821214bed05d3331bbbed070d0792deb6b432103ec2de6cfae6a771ad01e8ee
2026-08-07T01:44:04Z,Notification,3334b280-ea5a-46c6-85d0-f5c030c2c851,voice-coding-v1-plan,waiting_user,8fa39109579bd7cb879bf7aca2ea4bcb5d9b575202300d267aeb0235cbca6372
2026-08-07T01:48:39Z,Notification,3aaad826-c51a-4bd3-8720-7f6b141130b4,i2-final-review,waiting_user,ab215036907315fec8719e0f77c327afcfa250a268a76baa388dfa30bbeabb9c
2026-08-07T01:48:55Z,Notification,3334b280-ea5a-46c6-85d0-f5c030c2c851,voice-coding-v1-plan,waiting_user,62e7c0df6abf62337d7fc638ef1df04e93938bbba443d0b7cde2a792bd5ffa8c
2026-08-07T01:51:57Z,Notification,63746ff6-5391-4abe-990d-88c8348e8739,AgentOS,waiting_user,da863b1e788d4d4991d356ea0c9effe64c107af0e8081d50b8fe90a46d110fa5
2026-08-07T01:53:43Z,Notification,3334b280-ea5a-46c6-85d0-f5c030c2c851,voice-coding-v1-plan,waiting_user,85339e5b777c2b9a9f3681f22f09d66124075e801b303c6fb468c5134972d30b
2026-08-07T01:58:43Z,Notification,3aaad826-c51a-4bd3-8720-7f6b141130b4,i2-final-review,waiting_user,86eba0f95fdc44196b2199567462422a74cd10b119fdf11852f11eea6f70e3b7
2026-08-07T02:00:14Z,Stop,3aaad826-c51a-4bd3-8720-7f6b141130b4,AgentOS,completed,4ba5a1312665dab8e8e6a53c8a99788a9a48097aa2402dbce7622a9cbeaf3aff
2026-08-07T02:01:14Z,Notification,3aaad826-c51a-4bd3-8720-7f6b141130b4,AgentOS,waiting_user,3d98e0e46e8eb3c7129ca87008a243486ef4a74af96298121c9031e72288ee13
2026-08-07T02:01:58Z,Stop,63746ff6-5391-4abe-990d-88c8348e8739,AgentOS,completed,9224858b67b5531cf4ce373cc4e30238e941529d75224010c619340cd9dcf4d0
2026-08-07T02:02:58Z,Notification,63746ff6-5391-4abe-990d-88c8348e8739,AgentOS,waiting_user,21ab908ac11ba7cd1a5fd6901e981cc1aadc6d7501037c2eb300b098bbce45ec
2026-08-07T02:05:49Z,Notification,3aaad826-c51a-4bd3-8720-7f6b141130b4,AgentOS,waiting_user,1b43264bc09b088115bf3065dee8401507d1eae5533bf710bf90115334f3737f
2026-08-07T02:08:22Z,Notification,57e866ea-8491-4355-b0e1-e722d43c34a0,voice-coding-positioning-revision,waiting_user,9e060ac07bf3fd2c343928aeec292a28c14676951c3a653ffe655044968a92f4
2026-08-07T02:11:28Z,Notification,3334b280-ea5a-46c6-85d0-f5c030c2c851,voice-coding-v1-plan,waiting_user,e6eee9b7e4fbad6fd08d76a3959d44735beb34e1ce942ef105c1d2b491737f94
2026-08-07T02:12:13Z,Notification,57e866ea-8491-4355-b0e1-e722d43c34a0,voice-coding-positioning-revision,waiting_user,f039b59bb08905d4ebad0b1fbc64840b676a6b4fa364bda35f4801cab5558e8c
2026-08-07T02:14:14Z,Notification,3aaad826-c51a-4bd3-8720-7f6b141130b4,AgentOS,waiting_user,6b5a1bf56d687b041e67c682740abab69f045d78fbbb01f5c6eefea35f9f673e
2026-08-07T02:17:40Z,Notification,57e866ea-8491-4355-b0e1-e722d43c34a0,voice-coding-positioning-revision,waiting_user,89f6042c6b0c5378784d5a3ce528cb84e3acde2557d811c9ce50b29dab2df069
2026-08-07T02:18:34Z,Notification,57e866ea-8491-4355-b0e1-e722d43c34a0,voice-coding-positioning-revision,waiting_user,d62eb3defdf92bcc58a6c5fa36efefe3bdba07a9b42d976b92f8f625b81dd2aa
2026-08-07T02:19:42Z,Notification,3aaad826-c51a-4bd3-8720-7f6b141130b4,AgentOS,waiting_user,ba63f6e24892fcf0ba195ff6be99deea0c3a8b76a486d385487d704a161a66ca
2026-08-07T02:20:09Z,Notification,57e866ea-8491-4355-b0e1-e722d43c34a0,voice-coding-positioning-revision,waiting_user,79b078e5051ac5372baea8d5beff591dbee81f55abdfa1ec2f08f7f9f95b5b4a
2026-08-07T02:20:10Z,Notification,3334b280-ea5a-46c6-85d0-f5c030c2c851,voice-coding-v1-plan,waiting_user,876d63e576d21cdcc486df64f9adec741f9dfe88a45b129b3573d6c54ddb34a4
2026-08-07T02:20:36Z,Notification,3aaad826-c51a-4bd3-8720-7f6b141130b4,i2-docs-forward-fix,waiting_user,8217bdbbb396fd19f79d4a253d3a5c3285a4985eb6bd8fb05741d4c15b54a932
2026-08-07T02:22:30Z,Notification,57e866ea-8491-4355-b0e1-e722d43c34a0,voice-coding-positioning-revision,waiting_user,95651c71d739b8be32a88a3f871ba5eaef83d79500cd5c6573f8e31d7dbc0d3d
2026-08-07T02:23:00Z,Notification,3aaad826-c51a-4bd3-8720-7f6b141130b4,AgentOS,waiting_user,06fd62fa7f69d583796d7c4a2377ee63778608c1b49b2a6698b6c40580475b1e
2026-08-07T02:23:37Z,Notification,3aaad826-c51a-4bd3-8720-7f6b141130b4,AgentOS,waiting_user,d6e62ca21470359b7225a945fed5e84991d13c64ba9e137ddcbb39be583e8957
2026-08-07T02:29:47Z,Notification,3aaad826-c51a-4bd3-8720-7f6b141130b4,AgentOS,waiting_user,d6888a8c3efe0ea7e672c5df614a6a578be5a232baa045c28a2666dfd5b37ca9
2026-08-07T02:32:31Z,Notification,57e866ea-8491-4355-b0e1-e722d43c34a0,voice-coding-positioning-revision,waiting_user,c1d38894887b7703f10373f9d9c5ea355e5e1a506e7bcf40345278da03b190b5
2026-08-07T02:33:12Z,Notification,57e866ea-8491-4355-b0e1-e722d43c34a0,voice-coding-positioning-revision,waiting_user,05d5b40deac0e0a4fde50945a509617874d968402dba7435c3d4625f976abded
2026-08-07T02:35:39Z,Notification,57e866ea-8491-4355-b0e1-e722d43c34a0,voice-coding-positioning-revision,waiting_user,04945ca5a91f15a2136a35d43f707cbea2290aedf4c5c449a917b4e418a35af1
2026-08-07T02:37:09Z,Notification,3aaad826-c51a-4bd3-8720-7f6b141130b4,AgentOS,waiting_user,c87f55321ed8005d8d0435f66b105e9bfc34b8a6c6444db8ff3798fca1015234
2026-08-07T02:38:02Z,Stop,3aaad826-c51a-4bd3-8720-7f6b141130b4,AgentOS,completed,99894b711f4dd52b091541c552a1f4addded665b8a8bf917cdf9d9c8ddba5ac6
2026-08-07T02:38:45Z,Notification,57e866ea-8491-4355-b0e1-e722d43c34a0,voice-coding-positioning-revision,waiting_user,98922db118ae1c828af7bbf7a2236b039f6aaa3d87714e644ba9e3313f00600c
2026-08-07T02:39:02Z,Notification,3aaad826-c51a-4bd3-8720-7f6b141130b4,AgentOS,waiting_user,eaee0ec54e5632498bc6c18d2e7976270ae977deb9ceea02ef5814c214fd38a6
2026-08-07T02:41:07Z,Notification,57e866ea-8491-4355-b0e1-e722d43c34a0,voice-coding-positioning-revision,waiting_user,c16ec8f668eb7089879e4989bf5f1c76aa765380610752e91a0ba7766c8b638b
2026-08-07T02:42:02Z,Notification,3aaad826-c51a-4bd3-8720-7f6b141130b4,AgentOS,waiting_user,f08e69fc7576cb016813ea77ecafbe43f98f8fa9da1d0813cf6f5587c6a4a492
2026-08-07T02:43:57Z,Notification,57e866ea-8491-4355-b0e1-e722d43c34a0,voice-coding-positioning-revision,waiting_user,c124a506992a969f0730ad5bef9b799f0625405c45cf9620ee64beb85beff3b5
2026-08-07T02:46:25Z,Notification,3334b280-ea5a-46c6-85d0-f5c030c2c851,voice-coding-v1-plan,waiting_user,20004f64d4421db4a43412a76f1a5cf5efb5c3dd3196bec019a71025939b3578
2026-08-07T02:46:57Z,Notification,57e866ea-8491-4355-b0e1-e722d43c34a0,voice-coding-positioning-revision,waiting_user,3d1088c033a1df60b1e7e750628de6fa1ff4f4274992ebb0f93026ab566aafcc
2026-08-07T02:48:40Z,Notification,57e866ea-8491-4355-b0e1-e722d43c34a0,voice-coding-positioning-revision,waiting_user,27ec7f309701d999a676f7ccdfcc28b0d27a4c549785aa8174bbff21e97e8fc8
2026-08-07T02:50:07Z,Notification,57e866ea-8491-4355-b0e1-e722d43c34a0,voice-coding-positioning-revision,waiting_user,4d17ec4c8626b558fdb1f1cfe9a75687bf9d86c317f3a2bcb2b1e83d2f3b9244
2026-08-07T02:53:25Z,Notification,57e866ea-8491-4355-b0e1-e722d43c34a0,voice-coding-positioning-revision,waiting_user,c5a1d585c69b35260daaec6cb08a1497c75c475d53e7cafad922e279e2d669c6
2026-08-07T02:54:35Z,Notification,3334b280-ea5a-46c6-85d0-f5c030c2c851,voice-coding-v1-plan,waiting_user,72b281244761cdd9dde5c83c194ace40ce2a0d9c6b34b6659b01b35ca375a051
2026-08-07T02:55:07Z,Notification,57e866ea-8491-4355-b0e1-e722d43c34a0,voice-coding-positioning-revision,waiting_user,055f35f04b11d48fb4fe3ab80049c729386bef70ea51f38ae579baec2e68e472
2026-08-07T02:56:15Z,Notification,57e866ea-8491-4355-b0e1-e722d43c34a0,voice-coding-positioning-revision,waiting_user,aa94cfa5d3c6a2a46e83d50db79956cbda9fdfe51d0fc13b8963b3c6d131594a
2026-08-07T02:57:28Z,Notification,3334b280-ea5a-46c6-85d0-f5c030c2c851,voice-coding-v1-plan,waiting_user,393d39085286a0f866bb126a4049a070b8ca0d22abc603dc282e5339697b7700
2026-08-07T03:01:24Z,Notification,57e866ea-8491-4355-b0e1-e722d43c34a0,voice-coding-positioning-revision,waiting_user,e6484ce1b426222f96de5e477b6d779407696727afa5f03b5fca213092e09091
2026-08-07T03:02:53Z,Notification,3aaad826-c51a-4bd3-8720-7f6b141130b4,AgentOS,waiting_user,cea0c67cb173a05586add39b57333cad188178986d176fd773a916c535c41092
2026-08-07T03:03:53Z,Notification,57e866ea-8491-4355-b0e1-e722d43c34a0,voice-coding-positioning-revision,waiting_user,96ff94369922aab1377e7fc17d8254137c51d11fa71659443abf58c3453fb90c
2026-08-07T03:05:48Z,Stop,3aaad826-c51a-4bd3-8720-7f6b141130b4,AgentOS,completed,055ca6133b4c58a6ee309d22a0a1c61d0414f0ca7110022a87d99cdb2752ce93
2026-08-07T03:06:48Z,Notification,3aaad826-c51a-4bd3-8720-7f6b141130b4,AgentOS,waiting_user,23e9e0694dd9c2d5b6488cb90447df298f9d31507cda0277de5c8facf7bb2e89
2026-08-07T03:08:04Z,Stop,3334b280-ea5a-46c6-85d0-f5c030c2c851,voice-coding-v1-plan,completed,814db09899c9b9ae70c96bc98ec773150b379f8b97319c09ad120680a6ae0a84
2026-08-07T03:09:11Z,Notification,3aaad826-c51a-4bd3-8720-7f6b141130b4,AgentOS,waiting_user,0dd9b1d1eefce81eb89ea2e34f5850c47c37e4180837abe3e9e74cb430a33e51
2026-08-07T03:09:48Z,Stop,3334b280-ea5a-46c6-85d0-f5c030c2c851,voice-coding-v1-plan,completed,16006444fa2757e02e8d8ab5f9ebfbbeff8f2a81846d4b4eb5ff7086778edffe
2026-08-07T03:10:49Z,Notification,3334b280-ea5a-46c6-85d0-f5c030c2c851,voice-coding-v1-plan,waiting_user,261fac56e957d3ac4fdc7b6357326fae9a6d927cebf75575a2df748aa529be62
2026-08-07T03:11:14Z,Notification,57e866ea-8491-4355-b0e1-e722d43c34a0,voice-coding-positioning-revision,waiting_user,1f07d6222b8801e208049a24befe06f472c58d93dcf8147a57688c19a5591137
2026-08-07T03:12:03Z,SessionEnd,3334b280-ea5a-46c6-85d0-f5c030c2c851,AgentOS,session_end,f54a4cac9d883e7d60b434a2cbd3eed55b39fcb18274400e2c739dd93d5e56ea
2026-08-07T03:12:06Z,SessionStart,d2fd0fb8-4cdf-46db-bfc6-50383eef1802,AgentOS,connection_fact,ed04d4c7b4b1ee21ef6e5f1c3ac16e6405c11e08ecd0a438318071eaec31dc59
2026-08-07T03:14:21Z,Notification,57e866ea-8491-4355-b0e1-e722d43c34a0,voice-coding-positioning-revision,waiting_user,92598db74f47ee86468ec1d21886c5f03ae127cf6c31b5c6bff62a4f646c7f9c
2026-08-07T03:15:05Z,Notification,57e866ea-8491-4355-b0e1-e722d43c34a0,voice-coding-positioning-revision,waiting_user,258aec2d88739a48a908809409293ae1edd0056a320c7d23c6a5c45859f61801
2026-08-07T03:15:09Z,Notification,3aaad826-c51a-4bd3-8720-7f6b141130b4,i2-docs-forward-fix,waiting_user,1a6f63de9a48d753a1bcc3eff8f1e33dc5a5d6a21b7023ebb3f8ee1e6d905558
2026-08-07T03:16:31Z,Notification,57e866ea-8491-4355-b0e1-e722d43c34a0,voice-coding-positioning-revision,waiting_user,496dde6bedf58b7cf176d6b13b923a343e9b796f9ad755b849a14962e3a7d5f3
2026-08-07T03:16:40Z,Notification,d2fd0fb8-4cdf-46db-bfc6-50383eef1802,voice-coding-v1-plan,waiting_user,a10fed12138938e719c1f40dfeb4ca40962d6b922a0cfd94abf3d3802a4b4361
2026-08-07T03:23:39Z,StopFailure,3aaad826-c51a-4bd3-8720-7f6b141130b4,i2-docs-forward-fix,failed,5a534c1744e9b4f55531b214e5ae6008ed7d997f92eba4a358bd5ae9f7b27725
2026-08-07T03:24:39Z,Notification,3aaad826-c51a-4bd3-8720-7f6b141130b4,i2-docs-forward-fix,waiting_user,29ac57854435070672991c69a6d9d660a49b37560e0c3c229090d63eb4b70f44
2026-08-07T03:29:34Z,Stop,3aaad826-c51a-4bd3-8720-7f6b141130b4,i2-docs-forward-fix,completed,e0f80a9747144fd79c97673607f6df5bde6e32b9367141ba608a550dcd39280a
2026-08-07T03:30:34Z,Notification,3aaad826-c51a-4bd3-8720-7f6b141130b4,i2-docs-forward-fix,waiting_user,8fecc53376a2669ed6d1a2afd2d55c3062ab21cc6c3927160e95af2359aea8e9
2026-08-07T03:34:33Z,Notification,d2fd0fb8-4cdf-46db-bfc6-50383eef1802,voice-coding-v1-plan,waiting_user,83f28924830c69499bbeda162fed2d9c0b2e913e9b37cc9cd6709a9573bb8a8c
2026-08-07T05:00:10Z,Notification,d2fd0fb8-4cdf-46db-bfc6-50383eef1802,voice-coding-v1-plan,waiting_user,213b0dd74ef2ef849c8589f3329793a03b3ab182199a44167ddd26003f680838
2026-08-07T05:02:09Z,Notification,57e866ea-8491-4355-b0e1-e722d43c34a0,voice-coding-positioning-revision,waiting_user,7de8f47ab0d82774d56ab45c48065b8c88f1efff93a793689c0dc6d91609bc11
2026-08-07T05:07:04Z,Notification,d2fd0fb8-4cdf-46db-bfc6-50383eef1802,voice-coding-v1-plan,waiting_user,ec46e1c8b46719fb9a2cba86ae866926eb4aaae8000fcd943b2f56da7f32e9bd
2026-08-07T06:08:02Z,StopFailure,d2fd0fb8-4cdf-46db-bfc6-50383eef1802,voice-coding-v1-plan,failed,a391d264b1b2caa99775adeb3f6c7c74fe03160cceea1b7348a83cc04acdbb9b
