timestamp,hook_event_name,session_id,verdict
2026-08-05T01:51:29Z,SessionEnd,0192464a-0962-4dd4-8713-e4526b73408d,matched
2026-08-05T01:55:42Z,Notification,145135d8-9c40-459f-a956-c3ffd1e40f5b,matched
2026-08-05T02:02:31Z,Notification,145135d8-9c40-459f-a956-c3ffd1e40f5b,matched
2026-08-05T02:08:28Z,Notification,145135d8-9c40-459f-a956-c3ffd1e40f5b,matched
2026-08-05T02:13:47Z,Notification,145135d8-9c40-459f-a956-c3ffd1e40f5b,matched
2026-08-05T02:18:47Z,Notification,145135d8-9c40-459f-a956-c3ffd1e40f5b,matched
2026-08-05T02:23:16Z,Notification,145135d8-9c40-459f-a956-c3ffd1e40f5b,matched
2026-08-05T02:32:13Z,Notification,145135d8-9c40-459f-a956-c3ffd1e40f5b,matched
2026-08-05T02:33:03Z,Notification,145135d8-9c40-459f-a956-c3ffd1e40f5b,matched
2026-08-05T02:34:40Z,Notification,145135d8-9c40-459f-a956-c3ffd1e40f5b,matched
2026-08-05T02:37:13Z,Notification,145135d8-9c40-459f-a956-c3ffd1e40f5b,matched
2026-08-05T02:44:32Z,Notification,145135d8-9c40-459f-a956-c3ffd1e40f5b,matched
2026-08-05T02:58:28Z,Notification,145135d8-9c40-459f-a956-c3ffd1e40f5b,matched
2026-08-05T02:59:13Z,Notification,145135d8-9c40-459f-a956-c3ffd1e40f5b,matched
2026-08-05T03:06:48Z,Notification,145135d8-9c40-459f-a956-c3ffd1e40f5b,matched
2026-08-05T03:07:03Z,Notification,145135d8-9c40-459f-a956-c3ffd1e40f5b,matched
2026-08-05T03:08:46Z,Notification,145135d8-9c40-459f-a956-c3ffd1e40f5b,matched
2026-08-05T03:17:23Z,Notification,145135d8-9c40-459f-a956-c3ffd1e40f5b,matched
2026-08-05T03:29:51Z,Notification,145135d8-9c40-459f-a956-c3ffd1e40f5b,matched
2026-08-05T03:36:45Z,Notification,145135d8-9c40-459f-a956-c3ffd1e40f5b,matched
2026-08-05T03:41:50Z,Notification,145135d8-9c40-459f-a956-c3ffd1e40f5b,matched
2026-08-05T03:54:25Z,Notification,145135d8-9c40-459f-a956-c3ffd1e40f5b,matched
2026-08-05T03:55:52Z,Notification,145135d8-9c40-459f-a956-c3ffd1e40f5b,matched
2026-08-05T04:21:02Z,Notification,145135d8-9c40-459f-a956-c3ffd1e40f5b,matched
2026-08-05T04:24:57Z,Notification,145135d8-9c40-459f-a956-c3ffd1e40f5b,matched
2026-08-05T04:45:41Z,Notification,145135d8-9c40-459f-a956-c3ffd1e40f5b,matched
1785894665.32614,PreToolUse,145135d8-9c40-459f-a956-c3ffd1e40f5b,missed
1785894689.90083,PreToolUse,145135d8-9c40-459f-a956-c3ffd1e40f5b,missed
1785894870.4188192,PreToolUse,145135d8-9c40-459f-a956-c3ffd1e40f5b,missed
1785895163.5299761,PreToolUse,145135d8-9c40-459f-a956-c3ffd1e40f5b,missed
1785895189.092324,PreToolUse,145135d8-9c40-459f-a956-c3ffd1e40f5b,missed
1785895629.37982,PreToolUse,145135d8-9c40-459f-a956-c3ffd1e40f5b,missed
1785895637.425865,PreToolUse,145135d8-9c40-459f-a956-c3ffd1e40f5b,missed
1785895640.151716,PreToolUse,145135d8-9c40-459f-a956-c3ffd1e40f5b,missed
1785895654.025505,PreToolUse,145135d8-9c40-459f-a956-c3ffd1e40f5b,missed
1785895666.08964,PreToolUse,145135d8-9c40-459f-a956-c3ffd1e40f5b,missed
1785895671.647286,PreToolUse,145135d8-9c40-459f-a956-c3ffd1e40f5b,missed
1785895675.899733,PreToolUse,145135d8-9c40-459f-a956-c3ffd1e40f5b,missed
1785895692.541756,PreToolUse,145135d8-9c40-459f-a956-c3ffd1e40f5b,missed
1785895702.6926541,PreToolUse,145135d8-9c40-459f-a956-c3ffd1e40f5b,missed
1785895860.583711,PreToolUse,145135d8-9c40-459f-a956-c3ffd1e40f5b,missed
1785895873.58337,PreToolUse,145135d8-9c40-459f-a956-c3ffd1e40f5b,missed
1785896492.9811058,PreToolUse,145135d8-9c40-459f-a956-c3ffd1e40f5b,missed
1785897177.504329,PreToolUse,145135d8-9c40-459f-a956-c3ffd1e40f5b,missed
1785897499.115807,PreToolUse,145135d8-9c40-459f-a956-c3ffd1e40f5b,missed
1785897501.633784,PreToolUse,145135d8-9c40-459f-a956-c3ffd1e40f5b,missed
1785897520.3855271,PreToolUse,145135d8-9c40-459f-a956-c3ffd1e40f5b,missed
1785897562.88672,PreToolUse,145135d8-9c40-459f-a956-c3ffd1e40f5b,missed
1785897565.95623,PreToolUse,145135d8-9c40-459f-a956-c3ffd1e40f5b,missed
1785897608.784242,PreToolUse,145135d8-9c40-459f-a956-c3ffd1e40f5b,missed
1785897646.47184,PreToolUse,145135d8-9c40-459f-a956-c3ffd1e40f5b,missed
1785897648.2286,PreToolUse,145135d8-9c40-459f-a956-c3ffd1e40f5b,missed
1785897669.758451,PreToolUse,145135d8-9c40-459f-a956-c3ffd1e40f5b,missed
1785897672.119972,PreToolUse,145135d8-9c40-459f-a956-c3ffd1e40f5b,missed
1785897693.571033,PreToolUse,145135d8-9c40-459f-a956-c3ffd1e40f5b,missed
1785897695.99933,PreToolUse,145135d8-9c40-459f-a956-c3ffd1e40f5b,missed
1785897732.0156858,PreToolUse,145135d8-9c40-459f-a956-c3ffd1e40f5b,missed
1785897753.0795038,PreToolUse,145135d8-9c40-459f-a956-c3ffd1e40f5b,missed
1785897754.613219,PreToolUse,145135d8-9c40-459f-a956-c3ffd1e40f5b,missed
1785897762.8769228,PreToolUse,145135d8-9c40-459f-a956-c3ffd1e40f5b,missed
1785897781.2381902,PreToolUse,145135d8-9c40-459f-a956-c3ffd1e40f5b,missed
1785897835.349876,PreToolUse,145135d8-9c40-459f-a956-c3ffd1e40f5b,missed
1785897836.1648488,PreToolUse,145135d8-9c40-459f-a956-c3ffd1e40f5b,missed
1785897876.725781,PreToolUse,145135d8-9c40-459f-a956-c3ffd1e40f5b,missed
1785897907.400308,PreToolUse,145135d8-9c40-459f-a956-c3ffd1e40f5b,missed
1785897949.745684,PreToolUse,145135d8-9c40-459f-a956-c3ffd1e40f5b,missed
1785897960.3458502,PreToolUse,145135d8-9c40-459f-a956-c3ffd1e40f5b,missed
1785897966.919761,PreToolUse,145135d8-9c40-459f-a956-c3ffd1e40f5b,missed
1785897994.888253,PreToolUse,145135d8-9c40-459f-a956-c3ffd1e40f5b,missed
1785898011.200568,PreToolUse,145135d8-9c40-459f-a956-c3ffd1e40f5b,missed
1785898029.909766,PreToolUse,145135d8-9c40-459f-a956-c3ffd1e40f5b,missed
1785898039.448135,PreToolUse,145135d8-9c40-459f-a956-c3ffd1e40f5b,missed
1785898047.839021,PreToolUse,145135d8-9c40-459f-a956-c3ffd1e40f5b,missed
1785898078.376447,PreToolUse,145135d8-9c40-459f-a956-c3ffd1e40f5b,missed
1785898092.9868422,PreToolUse,145135d8-9c40-459f-a956-c3ffd1e40f5b,missed
1785898131.3622348,PreToolUse,145135d8-9c40-459f-a956-c3ffd1e40f5b,missed
1785898152.2939441,PreToolUse,145135d8-9c40-459f-a956-c3ffd1e40f5b,missed
1785898200.45956,PreToolUse,145135d8-9c40-459f-a956-c3ffd1e40f5b,missed
1785898229.958852,PreToolUse,145135d8-9c40-459f-a956-c3ffd1e40f5b,missed
1785898230.8034801,PreToolUse,145135d8-9c40-459f-a956-c3ffd1e40f5b,missed
1785898245.24803,PreToolUse,145135d8-9c40-459f-a956-c3ffd1e40f5b,missed
1785898246.8043158,PreToolUse,145135d8-9c40-459f-a956-c3ffd1e40f5b,missed
1785898256.0931761,PreToolUse,145135d8-9c40-459f-a956-c3ffd1e40f5b,missed
1785898262.689705,PreToolUse,145135d8-9c40-459f-a956-c3ffd1e40f5b,missed
1785898320.030112,PreToolUse,145135d8-9c40-459f-a956-c3ffd1e40f5b,missed
1785898388.8171751,PreToolUse,145135d8-9c40-459f-a956-c3ffd1e40f5b,missed
1785898397.170563,PreToolUse,145135d8-9c40-459f-a956-c3ffd1e40f5b,missed
1785898412.628644,PreToolUse,145135d8-9c40-459f-a956-c3ffd1e40f5b,missed
1785898422.281186,PreToolUse,145135d8-9c40-459f-a956-c3ffd1e40f5b,missed
1785898447.1534579,PreToolUse,145135d8-9c40-459f-a956-c3ffd1e40f5b,missed
1785898453.409337,PreToolUse,145135d8-9c40-459f-a956-c3ffd1e40f5b,missed
1785898465.5350442,PreToolUse,145135d8-9c40-459f-a956-c3ffd1e40f5b,missed
1785898494.6429381,PreToolUse,145135d8-9c40-459f-a956-c3ffd1e40f5b,missed
1785898520.691537,PreToolUse,145135d8-9c40-459f-a956-c3ffd1e40f5b,missed
1785898565.051278,PreToolUse,145135d8-9c40-459f-a956-c3ffd1e40f5b,missed
1785898595.754184,PreToolUse,145135d8-9c40-459f-a956-c3ffd1e40f5b,missed
1785898616.2160661,PreToolUse,145135d8-9c40-459f-a956-c3ffd1e40f5b,missed
1785898630.1324291,PreToolUse,145135d8-9c40-459f-a956-c3ffd1e40f5b,missed
1785898630.9509408,PreToolUse,145135d8-9c40-459f-a956-c3ffd1e40f5b,missed
1785898644.931145,PreToolUse,145135d8-9c40-459f-a956-c3ffd1e40f5b,missed
1785898645.696898,PreToolUse,145135d8-9c40-459f-a956-c3ffd1e40f5b,missed
1785898686.918556,PreToolUse,145135d8-9c40-459f-a956-c3ffd1e40f5b,missed
1785898702.120695,PreToolUse,145135d8-9c40-459f-a956-c3ffd1e40f5b,missed
1785898747.54769,PreToolUse,145135d8-9c40-459f-a956-c3ffd1e40f5b,missed
1785898841.51607,PreToolUse,145135d8-9c40-459f-a956-c3ffd1e40f5b,missed
1785898948.682676,PreToolUse,145135d8-9c40-459f-a956-c3ffd1e40f5b,missed
1785898964.0239518,PreToolUse,145135d8-9c40-459f-a956-c3ffd1e40f5b,missed
1785899117.455703,PreToolUse,145135d8-9c40-459f-a956-c3ffd1e40f5b,missed
1785899117.886556,PreToolUse,145135d8-9c40-459f-a956-c3ffd1e40f5b,missed
1785899147.9117372,PreToolUse,145135d8-9c40-459f-a956-c3ffd1e40f5b,missed
1785899193.443328,PreToolUse,145135d8-9c40-459f-a956-c3ffd1e40f5b,missed
1785899202.332639,PreToolUse,145135d8-9c40-459f-a956-c3ffd1e40f5b,missed
1785899210.2556171,PreToolUse,145135d8-9c40-459f-a956-c3ffd1e40f5b,missed
1785899217.587094,PreToolUse,145135d8-9c40-459f-a956-c3ffd1e40f5b,missed
1785899227.073875,PreToolUse,145135d8-9c40-459f-a956-c3ffd1e40f5b,missed
1785899228.911466,PreToolUse,145135d8-9c40-459f-a956-c3ffd1e40f5b,missed
1785899236.196963,PreToolUse,145135d8-9c40-459f-a956-c3ffd1e40f5b,missed
1785899253.58075,PreToolUse,145135d8-9c40-459f-a956-c3ffd1e40f5b,missed
1785899272.4567082,PreToolUse,145135d8-9c40-459f-a956-c3ffd1e40f5b,missed
1785899274.098031,PreToolUse,145135d8-9c40-459f-a956-c3ffd1e40f5b,missed
1785899333.6509051,PreToolUse,145135d8-9c40-459f-a956-c3ffd1e40f5b,missed
1785899334.486892,PreToolUse,145135d8-9c40-459f-a956-c3ffd1e40f5b,missed
1785899458.781157,PreToolUse,145135d8-9c40-459f-a956-c3ffd1e40f5b,missed
1785899461.100075,PreToolUse,145135d8-9c40-459f-a956-c3ffd1e40f5b,missed
1785899470.2606971,PreToolUse,145135d8-9c40-459f-a956-c3ffd1e40f5b,missed
1785899478.24065,PreToolUse,145135d8-9c40-459f-a956-c3ffd1e40f5b,missed
1785899497.054688,PreToolUse,145135d8-9c40-459f-a956-c3ffd1e40f5b,missed
1785899514.071937,PreToolUse,145135d8-9c40-459f-a956-c3ffd1e40f5b,missed
1785899533.3807669,PreToolUse,145135d8-9c40-459f-a956-c3ffd1e40f5b,missed
1785899544.184334,PreToolUse,145135d8-9c40-459f-a956-c3ffd1e40f5b,missed
1785899552.0429618,PreToolUse,145135d8-9c40-459f-a956-c3ffd1e40f5b,missed
1785899592.398161,PreToolUse,145135d8-9c40-459f-a956-c3ffd1e40f5b,missed
1785899602.069,PreToolUse,145135d8-9c40-459f-a956-c3ffd1e40f5b,missed
1785899606.794123,PreToolUse,145135d8-9c40-459f-a956-c3ffd1e40f5b,missed
1785899614.563154,PreToolUse,145135d8-9c40-459f-a956-c3ffd1e40f5b,missed
1785899619.09159,PreToolUse,145135d8-9c40-459f-a956-c3ffd1e40f5b,missed
1785899624.81042,PreToolUse,145135d8-9c40-459f-a956-c3ffd1e40f5b,missed
1785899630.047907,PreToolUse,145135d8-9c40-459f-a956-c3ffd1e40f5b,missed
1785899638.8122208,PreToolUse,145135d8-9c40-459f-a956-c3ffd1e40f5b,missed
1785899646.5093398,PreToolUse,145135d8-9c40-459f-a956-c3ffd1e40f5b,missed
1785899735.488553,PreToolUse,145135d8-9c40-459f-a956-c3ffd1e40f5b,missed
1785899750.072856,PreToolUse,145135d8-9c40-459f-a956-c3ffd1e40f5b,missed
1785899801.1687381,PreToolUse,145135d8-9c40-459f-a956-c3ffd1e40f5b,missed
1785899825.879928,PreToolUse,145135d8-9c40-459f-a956-c3ffd1e40f5b,missed
1785899837.3176708,PreToolUse,145135d8-9c40-459f-a956-c3ffd1e40f5b,missed
1785900268.923656,PreToolUse,145135d8-9c40-459f-a956-c3ffd1e40f5b,missed
1785900338.276963,PreToolUse,145135d8-9c40-459f-a956-c3ffd1e40f5b,missed
1785900370.440614,PreToolUse,145135d8-9c40-459f-a956-c3ffd1e40f5b,missed
1785900415.439787,PreToolUse,145135d8-9c40-459f-a956-c3ffd1e40f5b,missed
1785900451.05182,PreToolUse,145135d8-9c40-459f-a956-c3ffd1e40f5b,missed
1785900504.9625752,PreToolUse,145135d8-9c40-459f-a956-c3ffd1e40f5b,missed
1785900542.905521,PreToolUse,145135d8-9c40-459f-a956-c3ffd1e40f5b,missed
1785900585.181698,PreToolUse,145135d8-9c40-459f-a956-c3ffd1e40f5b,missed
1785900743.646792,PreToolUse,145135d8-9c40-459f-a956-c3ffd1e40f5b,missed
1785900759.124753,PreToolUse,145135d8-9c40-459f-a956-c3ffd1e40f5b,missed
1785900769.458507,PreToolUse,145135d8-9c40-459f-a956-c3ffd1e40f5b,missed
1785900819.4928908,PreToolUse,145135d8-9c40-459f-a956-c3ffd1e40f5b,missed
1785900855.4054348,PreToolUse,145135d8-9c40-459f-a956-c3ffd1e40f5b,missed
1785900910.368845,PreToolUse,145135d8-9c40-459f-a956-c3ffd1e40f5b,missed
1785900919.982347,PreToolUse,145135d8-9c40-459f-a956-c3ffd1e40f5b,missed
1785900933.763264,PreToolUse,145135d8-9c40-459f-a956-c3ffd1e40f5b,missed
1785900939.787699,PreToolUse,145135d8-9c40-459f-a956-c3ffd1e40f5b,missed
1785900941.671434,PreToolUse,145135d8-9c40-459f-a956-c3ffd1e40f5b,missed
1785900945.931606,PreToolUse,145135d8-9c40-459f-a956-c3ffd1e40f5b,missed
1785901010.882879,PreToolUse,145135d8-9c40-459f-a956-c3ffd1e40f5b,missed
1785901011.654318,PreToolUse,145135d8-9c40-459f-a956-c3ffd1e40f5b,missed
1785901120.964997,PreToolUse,145135d8-9c40-459f-a956-c3ffd1e40f5b,missed
1785901123.044582,PreToolUse,145135d8-9c40-459f-a956-c3ffd1e40f5b,missed
1785901131.059691,PreToolUse,145135d8-9c40-459f-a956-c3ffd1e40f5b,missed
1785901171.478412,PreToolUse,145135d8-9c40-459f-a956-c3ffd1e40f5b,missed
1785901301.5289469,PreToolUse,145135d8-9c40-459f-a956-c3ffd1e40f5b,missed
1785901304.345962,PreToolUse,145135d8-9c40-459f-a956-c3ffd1e40f5b,missed
1785901948.717035,PreToolUse,145135d8-9c40-459f-a956-c3ffd1e40f5b,missed
1785901996.936682,PreToolUse,145135d8-9c40-459f-a956-c3ffd1e40f5b,missed
1785902001.1193442,PreToolUse,145135d8-9c40-459f-a956-c3ffd1e40f5b,missed
1785902007.2708302,PreToolUse,145135d8-9c40-459f-a956-c3ffd1e40f5b,missed
1785902013.767144,PreToolUse,145135d8-9c40-459f-a956-c3ffd1e40f5b,missed
1785902013.943777,PreToolUse,145135d8-9c40-459f-a956-c3ffd1e40f5b,missed
1785902028.908132,PreToolUse,145135d8-9c40-459f-a956-c3ffd1e40f5b,missed
1785902032.690728,PreToolUse,145135d8-9c40-459f-a956-c3ffd1e40f5b,missed
1785902039.038799,PreToolUse,145135d8-9c40-459f-a956-c3ffd1e40f5b,missed
1785902052.902313,PreToolUse,145135d8-9c40-459f-a956-c3ffd1e40f5b,missed
1785902059.4450402,PreToolUse,145135d8-9c40-459f-a956-c3ffd1e40f5b,missed
1785902110.367022,PreToolUse,145135d8-9c40-459f-a956-c3ffd1e40f5b,missed
1785902118.346153,PreToolUse,145135d8-9c40-459f-a956-c3ffd1e40f5b,missed
1785902146.180949,PreToolUse,145135d8-9c40-459f-a956-c3ffd1e40f5b,missed
1785903494.012435,PreToolUse,145135d8-9c40-459f-a956-c3ffd1e40f5b,missed
1785903549.26862,PreToolUse,145135d8-9c40-459f-a956-c3ffd1e40f5b,missed
1785903568.3283541,PreToolUse,145135d8-9c40-459f-a956-c3ffd1e40f5b,missed
1785903588.117863,PreToolUse,145135d8-9c40-459f-a956-c3ffd1e40f5b,missed
1785903749.599572,PreToolUse,145135d8-9c40-459f-a956-c3ffd1e40f5b,missed
1785903786.9546509,PreToolUse,145135d8-9c40-459f-a956-c3ffd1e40f5b,missed
1785903805.707603,PreToolUse,145135d8-9c40-459f-a956-c3ffd1e40f5b,missed
2026-08-05T06:09:24Z,SessionEnd,145135d8-9c40-459f-a956-c3ffd1e40f5b,matched
2026-08-05T01:51:43Z,Stop,145135d8-9c40-459f-a956-c3ffd1e40f5b,matched
2026-08-05T01:53:00Z,Stop,145135d8-9c40-459f-a956-c3ffd1e40f5b,matched
2026-08-05T01:54:41Z,Stop,145135d8-9c40-459f-a956-c3ffd1e40f5b,matched
2026-08-05T01:57:20Z,Stop,145135d8-9c40-459f-a956-c3ffd1e40f5b,matched
2026-08-05T02:00:29Z,Stop,145135d8-9c40-459f-a956-c3ffd1e40f5b,matched
2026-08-05T02:01:31Z,Stop,145135d8-9c40-459f-a956-c3ffd1e40f5b,matched
2026-08-05T02:05:33Z,Stop,145135d8-9c40-459f-a956-c3ffd1e40f5b,matched
2026-08-05T02:07:30Z,Stop,145135d8-9c40-459f-a956-c3ffd1e40f5b,matched
2026-08-05T02:11:33Z,Stop,145135d8-9c40-459f-a956-c3ffd1e40f5b,matched
2026-08-05T02:12:47Z,Stop,145135d8-9c40-459f-a956-c3ffd1e40f5b,matched
2026-08-05T02:17:46Z,Stop,145135d8-9c40-459f-a956-c3ffd1e40f5b,matched
2026-08-05T02:22:15Z,Stop,145135d8-9c40-459f-a956-c3ffd1e40f5b,matched
2026-08-05T02:23:56Z,Stop,145135d8-9c40-459f-a956-c3ffd1e40f5b,matched
2026-08-05T02:33:40Z,Stop,145135d8-9c40-459f-a956-c3ffd1e40f5b,matched
2026-08-05T02:36:13Z,Stop,145135d8-9c40-459f-a956-c3ffd1e40f5b,matched
2026-08-05T02:40:26Z,Stop,145135d8-9c40-459f-a956-c3ffd1e40f5b,matched
2026-08-05T02:43:32Z,Stop,145135d8-9c40-459f-a956-c3ffd1e40f5b,matched
2026-08-05T03:07:46Z,Stop,145135d8-9c40-459f-a956-c3ffd1e40f5b,matched
2026-08-05T03:35:45Z,Stop,145135d8-9c40-459f-a956-c3ffd1e40f5b,matched
2026-08-05T03:53:53Z,Stop,145135d8-9c40-459f-a956-c3ffd1e40f5b,matched
2026-08-05T04:20:02Z,Stop,145135d8-9c40-459f-a956-c3ffd1e40f5b,matched
2026-08-05T04:23:56Z,Stop,145135d8-9c40-459f-a956-c3ffd1e40f5b,matched
2026-08-05T04:44:41Z,Stop,145135d8-9c40-459f-a956-c3ffd1e40f5b,matched
2026-08-05T06:10:20Z,Notification,1718f55c-e997-4c28-ae31-c271738718df,matched
2026-08-05T06:16:55Z,Notification,1718f55c-e997-4c28-ae31-c271738718df,matched
2026-08-05T06:23:19Z,Notification,1718f55c-e997-4c28-ae31-c271738718df,matched
2026-08-05T06:26:35Z,Notification,1718f55c-e997-4c28-ae31-c271738718df,matched
2026-08-05T06:29:57Z,Notification,1718f55c-e997-4c28-ae31-c271738718df,matched
2026-08-05T06:37:25Z,Notification,1718f55c-e997-4c28-ae31-c271738718df,matched
2026-08-05T06:38:56Z,Notification,1718f55c-e997-4c28-ae31-c271738718df,matched
2026-08-05T06:44:59Z,Notification,1718f55c-e997-4c28-ae31-c271738718df,matched
2026-08-05T06:46:36Z,Notification,1718f55c-e997-4c28-ae31-c271738718df,matched
2026-08-05T06:51:58Z,Notification,1718f55c-e997-4c28-ae31-c271738718df,matched
2026-08-05T06:53:20Z,Notification,1718f55c-e997-4c28-ae31-c271738718df,matched
2026-08-05T06:56:57Z,Notification,1718f55c-e997-4c28-ae31-c271738718df,matched
2026-08-05T07:01:20Z,Notification,1718f55c-e997-4c28-ae31-c271738718df,matched
2026-08-05T07:05:28Z,Notification,1718f55c-e997-4c28-ae31-c271738718df,matched
2026-08-05T07:10:37Z,Notification,1718f55c-e997-4c28-ae31-c271738718df,matched
2026-08-05T07:11:49Z,Notification,1718f55c-e997-4c28-ae31-c271738718df,matched
2026-08-05T07:30:22Z,Notification,1718f55c-e997-4c28-ae31-c271738718df,matched
2026-08-05T07:34:23Z,Notification,1718f55c-e997-4c28-ae31-c271738718df,matched
2026-08-05T07:36:05Z,Notification,1718f55c-e997-4c28-ae31-c271738718df,matched
2026-08-05T07:37:14Z,Notification,1718f55c-e997-4c28-ae31-c271738718df,matched
2026-08-05T07:45:46Z,Notification,1718f55c-e997-4c28-ae31-c271738718df,matched
2026-08-05T07:54:27Z,Notification,1718f55c-e997-4c28-ae31-c271738718df,matched
2026-08-05T07:58:46Z,Notification,1718f55c-e997-4c28-ae31-c271738718df,matched
1785910213.1064792,PreToolUse,1718f55c-e997-4c28-ae31-c271738718df,missed
1785910213.1064801,PreToolUse,1718f55c-e997-4c28-ae31-c271738718df,missed
1785910214.159403,PreToolUse,1718f55c-e997-4c28-ae31-c271738718df,missed
1785910294.851584,PreToolUse,1718f55c-e997-4c28-ae31-c271738718df,missed
1785910295.657598,PreToolUse,1718f55c-e997-4c28-ae31-c271738718df,missed
1785910386.537148,PreToolUse,1718f55c-e997-4c28-ae31-c271738718df,missed
1785910388.704347,PreToolUse,1718f55c-e997-4c28-ae31-c271738718df,missed
1785910390.5926888,PreToolUse,1718f55c-e997-4c28-ae31-c271738718df,missed
1785910477.08381,PreToolUse,1718f55c-e997-4c28-ae31-c271738718df,missed
1785910479.508631,PreToolUse,1718f55c-e997-4c28-ae31-c271738718df,missed
1785910481.0005388,PreToolUse,1718f55c-e997-4c28-ae31-c271738718df,missed
1785910609.16333,PreToolUse,1718f55c-e997-4c28-ae31-c271738718df,missed
1785910791.19405,PreToolUse,1718f55c-e997-4c28-ae31-c271738718df,missed
1785910794.161263,PreToolUse,1718f55c-e997-4c28-ae31-c271738718df,missed
1785910871.588906,PreToolUse,1718f55c-e997-4c28-ae31-c271738718df,missed
1785910891.4938822,PreToolUse,1718f55c-e997-4c28-ae31-c271738718df,missed
1785910916.117852,PreToolUse,1718f55c-e997-4c28-ae31-c271738718df,missed
1785910922.6494331,PreToolUse,1718f55c-e997-4c28-ae31-c271738718df,missed
1785910933.494528,PreToolUse,1718f55c-e997-4c28-ae31-c271738718df,missed
1785910992.8770099,PreToolUse,1718f55c-e997-4c28-ae31-c271738718df,missed
1785911120.532748,PreToolUse,1718f55c-e997-4c28-ae31-c271738718df,missed
1785911189.043869,PreToolUse,1718f55c-e997-4c28-ae31-c271738718df,missed
1785911295.574767,PreToolUse,1718f55c-e997-4c28-ae31-c271738718df,missed
1785911308.442272,PreToolUse,1718f55c-e997-4c28-ae31-c271738718df,missed
1785911548.896862,PreToolUse,1718f55c-e997-4c28-ae31-c271738718df,missed
1785911560.235967,PreToolUse,1718f55c-e997-4c28-ae31-c271738718df,missed
1785911572.593678,PreToolUse,1718f55c-e997-4c28-ae31-c271738718df,missed
1785911582.611148,PreToolUse,1718f55c-e997-4c28-ae31-c271738718df,missed
1785911583.964308,PreToolUse,1718f55c-e997-4c28-ae31-c271738718df,missed
1785911645.1988358,PreToolUse,1718f55c-e997-4c28-ae31-c271738718df,missed
1785911675.6290581,PreToolUse,1718f55c-e997-4c28-ae31-c271738718df,missed
1785911677.075797,PreToolUse,1718f55c-e997-4c28-ae31-c271738718df,missed
1785911689.7282639,PreToolUse,1718f55c-e997-4c28-ae31-c271738718df,missed
1785911733.677669,PreToolUse,1718f55c-e997-4c28-ae31-c271738718df,missed
1785911736.08103,PreToolUse,1718f55c-e997-4c28-ae31-c271738718df,missed
1785911756.934083,PreToolUse,1718f55c-e997-4c28-ae31-c271738718df,missed
1785911763.14326,PreToolUse,1718f55c-e997-4c28-ae31-c271738718df,missed
1785911816.832,PreToolUse,1718f55c-e997-4c28-ae31-c271738718df,missed
1785911839.189152,PreToolUse,1718f55c-e997-4c28-ae31-c271738718df,missed
1785911863.806284,PreToolUse,1718f55c-e997-4c28-ae31-c271738718df,missed
1785911916.7937331,PreToolUse,1718f55c-e997-4c28-ae31-c271738718df,missed
1785911930.650818,PreToolUse,1718f55c-e997-4c28-ae31-c271738718df,missed
1785912198.688805,PreToolUse,1718f55c-e997-4c28-ae31-c271738718df,missed
1785912213.5826108,PreToolUse,1718f55c-e997-4c28-ae31-c271738718df,missed
1785912236.6183271,PreToolUse,1718f55c-e997-4c28-ae31-c271738718df,missed
1785912248.255954,PreToolUse,1718f55c-e997-4c28-ae31-c271738718df,missed
1785912293.2308722,PreToolUse,1718f55c-e997-4c28-ae31-c271738718df,missed
1785912390.3791842,PreToolUse,1718f55c-e997-4c28-ae31-c271738718df,missed
1785912644.047796,PreToolUse,1718f55c-e997-4c28-ae31-c271738718df,missed
1785912668.195331,PreToolUse,1718f55c-e997-4c28-ae31-c271738718df,missed
1785912677.336243,PreToolUse,1718f55c-e997-4c28-ae31-c271738718df,missed
1785912712.498681,PreToolUse,1718f55c-e997-4c28-ae31-c271738718df,missed
1785912794.617111,PreToolUse,1718f55c-e997-4c28-ae31-c271738718df,missed
1785912898.900484,PreToolUse,1718f55c-e997-4c28-ae31-c271738718df,missed
1785912918.323235,PreToolUse,1718f55c-e997-4c28-ae31-c271738718df,missed
1785912933.923241,PreToolUse,1718f55c-e997-4c28-ae31-c271738718df,missed
1785912951.264729,PreToolUse,1718f55c-e997-4c28-ae31-c271738718df,missed
1785912958.101084,PreToolUse,1718f55c-e997-4c28-ae31-c271738718df,missed
1785912987.073455,PreToolUse,1718f55c-e997-4c28-ae31-c271738718df,missed
1785913010.9576252,PreToolUse,1718f55c-e997-4c28-ae31-c271738718df,missed
1785913082.870132,PreToolUse,1718f55c-e997-4c28-ae31-c271738718df,missed
1785913084.5499551,PreToolUse,1718f55c-e997-4c28-ae31-c271738718df,missed
1785913180.4294531,PreToolUse,1718f55c-e997-4c28-ae31-c271738718df,missed
1785913182.3914251,PreToolUse,1718f55c-e997-4c28-ae31-c271738718df,missed
1785913241.0785768,PreToolUse,1718f55c-e997-4c28-ae31-c271738718df,missed
1785913274.521785,PreToolUse,1718f55c-e997-4c28-ae31-c271738718df,missed
1785913389.955792,PreToolUse,1718f55c-e997-4c28-ae31-c271738718df,missed
1785913445.461699,PreToolUse,1718f55c-e997-4c28-ae31-c271738718df,missed
1785913593.780641,PreToolUse,1718f55c-e997-4c28-ae31-c271738718df,missed
1785913628.987164,PreToolUse,1718f55c-e997-4c28-ae31-c271738718df,missed
1785913732.464906,PreToolUse,1718f55c-e997-4c28-ae31-c271738718df,missed
1785913770.093952,PreToolUse,1718f55c-e997-4c28-ae31-c271738718df,missed
1785913801.9906108,PreToolUse,1718f55c-e997-4c28-ae31-c271738718df,missed
1785913802.389336,PreToolUse,1718f55c-e997-4c28-ae31-c271738718df,missed
1785913830.874889,PreToolUse,1718f55c-e997-4c28-ae31-c271738718df,missed
1785913882.015286,PreToolUse,1718f55c-e997-4c28-ae31-c271738718df,missed
1785913897.4923131,PreToolUse,1718f55c-e997-4c28-ae31-c271738718df,missed
1785913903.6367931,PreToolUse,1718f55c-e997-4c28-ae31-c271738718df,missed
1785914940.7418728,PreToolUse,1718f55c-e997-4c28-ae31-c271738718df,missed
1785915016.3354409,PreToolUse,1718f55c-e997-4c28-ae31-c271738718df,missed
1785915142.3836641,PreToolUse,1718f55c-e997-4c28-ae31-c271738718df,missed
1785915181.1328971,PreToolUse,1718f55c-e997-4c28-ae31-c271738718df,missed
1785915200.243807,PreToolUse,1718f55c-e997-4c28-ae31-c271738718df,missed
1785915216.627025,PreToolUse,1718f55c-e997-4c28-ae31-c271738718df,missed
1785915257.067025,PreToolUse,1718f55c-e997-4c28-ae31-c271738718df,missed
1785915359.293872,PreToolUse,1718f55c-e997-4c28-ae31-c271738718df,missed
1785915420.840707,PreToolUse,1718f55c-e997-4c28-ae31-c271738718df,missed
1785915428.657197,PreToolUse,1718f55c-e997-4c28-ae31-c271738718df,missed
1785915658.879992,PreToolUse,1718f55c-e997-4c28-ae31-c271738718df,missed
1785915774.321667,PreToolUse,1718f55c-e997-4c28-ae31-c271738718df,missed
1785915781.0327702,PreToolUse,1718f55c-e997-4c28-ae31-c271738718df,missed
1785915836.171245,PreToolUse,1718f55c-e997-4c28-ae31-c271738718df,missed
1785915844.0395038,PreToolUse,1718f55c-e997-4c28-ae31-c271738718df,missed
1785916299.4625332,PreToolUse,1718f55c-e997-4c28-ae31-c271738718df,missed
1785916352.893638,PreToolUse,1718f55c-e997-4c28-ae31-c271738718df,missed
1785916374.1268249,PreToolUse,1718f55c-e997-4c28-ae31-c271738718df,missed
1785916378.0595279,PreToolUse,1718f55c-e997-4c28-ae31-c271738718df,missed
1785916649.595752,PreToolUse,1718f55c-e997-4c28-ae31-c271738718df,missed
1785916652.143533,PreToolUse,1718f55c-e997-4c28-ae31-c271738718df,missed
2026-08-05T06:09:28Z,SessionStart,1718f55c-e997-4c28-ae31-c271738718df,matched
2026-08-05T06:28:57Z,Stop,1718f55c-e997-4c28-ae31-c271738718df,matched
2026-08-05T07:04:28Z,Stop,1718f55c-e997-4c28-ae31-c271738718df,matched
2026-08-05T07:44:46Z,Stop,1718f55c-e997-4c28-ae31-c271738718df,matched
2026-08-05T07:53:27Z,Stop,1718f55c-e997-4c28-ae31-c271738718df,matched
2026-08-05T07:57:45Z,Stop,1718f55c-e997-4c28-ae31-c271738718df,matched
2026-08-05T11:28:42Z,Notification,1fdea828-5e55-40d7-a2f5-3389a1d6ab26,matched
2026-08-05T11:30:27Z,Notification,1fdea828-5e55-40d7-a2f5-3389a1d6ab26,matched
2026-08-05T11:32:53Z,Notification,1fdea828-5e55-40d7-a2f5-3389a1d6ab26,matched
2026-08-05T11:39:06Z,Notification,1fdea828-5e55-40d7-a2f5-3389a1d6ab26,matched
2026-08-05T14:02:59Z,Notification,1fdea828-5e55-40d7-a2f5-3389a1d6ab26,matched
2026-08-05T14:11:45Z,Notification,1fdea828-5e55-40d7-a2f5-3389a1d6ab26,matched
1785929141.504194,PreToolUse,1fdea828-5e55-40d7-a2f5-3389a1d6ab26,missed
1785929204.51539,PreToolUse,1fdea828-5e55-40d7-a2f5-3389a1d6ab26,missed
1785929206.108494,PreToolUse,1fdea828-5e55-40d7-a2f5-3389a1d6ab26,missed
1785929207.942784,PreToolUse,1fdea828-5e55-40d7-a2f5-3389a1d6ab26,missed
1785929208.955743,PreToolUse,1fdea828-5e55-40d7-a2f5-3389a1d6ab26,missed
1785929258.58785,PreToolUse,1fdea828-5e55-40d7-a2f5-3389a1d6ab26,missed
1785929263.606965,PreToolUse,1fdea828-5e55-40d7-a2f5-3389a1d6ab26,missed
1785929263.607455,PreToolUse,1fdea828-5e55-40d7-a2f5-3389a1d6ab26,missed
1785929316.024399,PreToolUse,1fdea828-5e55-40d7-a2f5-3389a1d6ab26,missed
1785929343.109018,PreToolUse,1fdea828-5e55-40d7-a2f5-3389a1d6ab26,missed
1785929421.248138,PreToolUse,1fdea828-5e55-40d7-a2f5-3389a1d6ab26,missed
1785929470.038812,PreToolUse,1fdea828-5e55-40d7-a2f5-3389a1d6ab26,missed
1785929515.72501,PreToolUse,1fdea828-5e55-40d7-a2f5-3389a1d6ab26,missed
1785929521.120556,PreToolUse,1fdea828-5e55-40d7-a2f5-3389a1d6ab26,missed
1785929525.929548,PreToolUse,1fdea828-5e55-40d7-a2f5-3389a1d6ab26,missed
1785929532.7364569,PreToolUse,1fdea828-5e55-40d7-a2f5-3389a1d6ab26,missed
1785929534.8283808,PreToolUse,1fdea828-5e55-40d7-a2f5-3389a1d6ab26,missed
1785929536.693328,PreToolUse,1fdea828-5e55-40d7-a2f5-3389a1d6ab26,missed
1785929538.6655738,PreToolUse,1fdea828-5e55-40d7-a2f5-3389a1d6ab26,missed
1785929540.193312,PreToolUse,1fdea828-5e55-40d7-a2f5-3389a1d6ab26,missed
1785929567.329569,PreToolUse,1fdea828-5e55-40d7-a2f5-3389a1d6ab26,missed
1785929643.012893,PreToolUse,1fdea828-5e55-40d7-a2f5-3389a1d6ab26,missed
1785929643.4653141,PreToolUse,1fdea828-5e55-40d7-a2f5-3389a1d6ab26,missed
1785929654.5722811,PreToolUse,1fdea828-5e55-40d7-a2f5-3389a1d6ab26,missed
1785929681.271554,PreToolUse,1fdea828-5e55-40d7-a2f5-3389a1d6ab26,missed
1785929682.650539,PreToolUse,1fdea828-5e55-40d7-a2f5-3389a1d6ab26,missed
1785929684.200761,PreToolUse,1fdea828-5e55-40d7-a2f5-3389a1d6ab26,missed
1785929685.643241,PreToolUse,1fdea828-5e55-40d7-a2f5-3389a1d6ab26,missed
1785929687.196059,PreToolUse,1fdea828-5e55-40d7-a2f5-3389a1d6ab26,missed
1785929694.205308,PreToolUse,1fdea828-5e55-40d7-a2f5-3389a1d6ab26,missed
1785929695.859968,PreToolUse,1fdea828-5e55-40d7-a2f5-3389a1d6ab26,missed
1785929704.850092,PreToolUse,1fdea828-5e55-40d7-a2f5-3389a1d6ab26,missed
1785929705.5639691,PreToolUse,1fdea828-5e55-40d7-a2f5-3389a1d6ab26,missed
1785929706.156427,PreToolUse,1fdea828-5e55-40d7-a2f5-3389a1d6ab26,missed
1785929714.666966,PreToolUse,1fdea828-5e55-40d7-a2f5-3389a1d6ab26,missed
1785929720.403811,PreToolUse,1fdea828-5e55-40d7-a2f5-3389a1d6ab26,missed
1785929727.406243,PreToolUse,1fdea828-5e55-40d7-a2f5-3389a1d6ab26,missed
1785929728.231725,PreToolUse,1fdea828-5e55-40d7-a2f5-3389a1d6ab26,missed
1785929788.9723892,PreToolUse,1fdea828-5e55-40d7-a2f5-3389a1d6ab26,missed
1785929819.6087139,PreToolUse,1fdea828-5e55-40d7-a2f5-3389a1d6ab26,missed
1785929820.271722,PreToolUse,1fdea828-5e55-40d7-a2f5-3389a1d6ab26,missed
1785929900.902103,PreToolUse,1fdea828-5e55-40d7-a2f5-3389a1d6ab26,missed
1785929901.321064,PreToolUse,1fdea828-5e55-40d7-a2f5-3389a1d6ab26,missed
1785929939.8099651,PreToolUse,1fdea828-5e55-40d7-a2f5-3389a1d6ab26,missed
1785938572.981641,PreToolUse,1fdea828-5e55-40d7-a2f5-3389a1d6ab26,missed
1785939056.6609652,PreToolUse,1fdea828-5e55-40d7-a2f5-3389a1d6ab26,missed
1785939063.701536,PreToolUse,1fdea828-5e55-40d7-a2f5-3389a1d6ab26,missed
1785939071.92318,PreToolUse,1fdea828-5e55-40d7-a2f5-3389a1d6ab26,missed
1785939098.865226,PreToolUse,1fdea828-5e55-40d7-a2f5-3389a1d6ab26,missed
2026-08-05T10:31:45Z,SessionStart,1fdea828-5e55-40d7-a2f5-3389a1d6ab26,matched
2026-08-05T11:27:40Z,Notification,300f6663-70de-4b8c-8529-d6277f5af634,matched
2026-08-05T11:28:29Z,Notification,300f6663-70de-4b8c-8529-d6277f5af634,matched
2026-08-05T11:38:29Z,Notification,300f6663-70de-4b8c-8529-d6277f5af634,matched
2026-08-05T14:03:55Z,Notification,300f6663-70de-4b8c-8529-d6277f5af634,matched
2026-08-05T14:12:36Z,Notification,300f6663-70de-4b8c-8529-d6277f5af634,matched
1785929140.486919,PreToolUse,300f6663-70de-4b8c-8529-d6277f5af634,missed
1785929140.85095,PreToolUse,300f6663-70de-4b8c-8529-d6277f5af634,missed
1785929167.844318,PreToolUse,300f6663-70de-4b8c-8529-d6277f5af634,missed
1785929170.085761,PreToolUse,300f6663-70de-4b8c-8529-d6277f5af634,missed
1785929170.642983,PreToolUse,300f6663-70de-4b8c-8529-d6277f5af634,missed
1785929171.638185,PreToolUse,300f6663-70de-4b8c-8529-d6277f5af634,missed
1785929254.662933,PreToolUse,300f6663-70de-4b8c-8529-d6277f5af634,missed
1785929302.897942,PreToolUse,300f6663-70de-4b8c-8529-d6277f5af634,missed
1785929690.174856,PreToolUse,300f6663-70de-4b8c-8529-d6277f5af634,missed
1785929692.357561,PreToolUse,300f6663-70de-4b8c-8529-d6277f5af634,missed
1785929694.177325,PreToolUse,300f6663-70de-4b8c-8529-d6277f5af634,missed
1785929700.3036249,PreToolUse,300f6663-70de-4b8c-8529-d6277f5af634,missed
1785929701.3795588,PreToolUse,300f6663-70de-4b8c-8529-d6277f5af634,missed
1785929706.8940642,PreToolUse,300f6663-70de-4b8c-8529-d6277f5af634,missed
1785929708.6426198,PreToolUse,300f6663-70de-4b8c-8529-d6277f5af634,missed
1785929715.49828,PreToolUse,300f6663-70de-4b8c-8529-d6277f5af634,missed
1785929726.131395,PreToolUse,300f6663-70de-4b8c-8529-d6277f5af634,missed
1785929734.136168,PreToolUse,300f6663-70de-4b8c-8529-d6277f5af634,missed
1785929734.590202,PreToolUse,300f6663-70de-4b8c-8529-d6277f5af634,missed
1785929735.193611,PreToolUse,300f6663-70de-4b8c-8529-d6277f5af634,missed
1785929745.84589,PreToolUse,300f6663-70de-4b8c-8529-d6277f5af634,missed
1785929746.690537,PreToolUse,300f6663-70de-4b8c-8529-d6277f5af634,missed
1785929747.375377,PreToolUse,300f6663-70de-4b8c-8529-d6277f5af634,missed
1785929748.122109,PreToolUse,300f6663-70de-4b8c-8529-d6277f5af634,missed
1785929748.9993181,PreToolUse,300f6663-70de-4b8c-8529-d6277f5af634,missed
1785929805.5707788,PreToolUse,300f6663-70de-4b8c-8529-d6277f5af634,missed
1785929814.727721,PreToolUse,300f6663-70de-4b8c-8529-d6277f5af634,missed
1785929821.187211,PreToolUse,300f6663-70de-4b8c-8529-d6277f5af634,missed
1785929870.992186,PreToolUse,300f6663-70de-4b8c-8529-d6277f5af634,missed
1785929881.7134678,PreToolUse,300f6663-70de-4b8c-8529-d6277f5af634,missed
1785929883.037786,PreToolUse,300f6663-70de-4b8c-8529-d6277f5af634,missed
1785929883.051409,PreToolUse,300f6663-70de-4b8c-8529-d6277f5af634,missed
1785929893.6525598,PreToolUse,300f6663-70de-4b8c-8529-d6277f5af634,missed
1785929894.7034082,PreToolUse,300f6663-70de-4b8c-8529-d6277f5af634,missed
1785929903.270813,PreToolUse,300f6663-70de-4b8c-8529-d6277f5af634,missed
1785938572.11346,PreToolUse,300f6663-70de-4b8c-8529-d6277f5af634,missed
1785938572.571497,PreToolUse,300f6663-70de-4b8c-8529-d6277f5af634,missed
1785938609.4732192,PreToolUse,300f6663-70de-4b8c-8529-d6277f5af634,missed
1785938629.694797,PreToolUse,300f6663-70de-4b8c-8529-d6277f5af634,missed
1785939021.3734558,PreToolUse,300f6663-70de-4b8c-8529-d6277f5af634,missed
1785939029.06816,PreToolUse,300f6663-70de-4b8c-8529-d6277f5af634,missed
1785939050.108928,PreToolUse,300f6663-70de-4b8c-8529-d6277f5af634,missed
1785939056.142635,PreToolUse,300f6663-70de-4b8c-8529-d6277f5af634,missed
1785939064.27664,PreToolUse,300f6663-70de-4b8c-8529-d6277f5af634,missed
1785939066.334751,PreToolUse,300f6663-70de-4b8c-8529-d6277f5af634,missed
1785939071.356232,PreToolUse,300f6663-70de-4b8c-8529-d6277f5af634,missed
1785939095.0856168,PreToolUse,300f6663-70de-4b8c-8529-d6277f5af634,missed
1785939117.984212,PreToolUse,300f6663-70de-4b8c-8529-d6277f5af634,missed
1785939123.77849,PreToolUse,300f6663-70de-4b8c-8529-d6277f5af634,missed
1785939127.548393,PreToolUse,300f6663-70de-4b8c-8529-d6277f5af634,missed
1785939133.010896,PreToolUse,300f6663-70de-4b8c-8529-d6277f5af634,missed
1785939150.5803578,PreToolUse,300f6663-70de-4b8c-8529-d6277f5af634,missed
2026-08-05T01:51:22Z,Notification,5e6de89a-1024-4259-a8e8-7937d36cd36c,matched
2026-08-05T01:55:43Z,Notification,5e6de89a-1024-4259-a8e8-7937d36cd36c,matched
2026-08-05T02:03:29Z,Notification,5e6de89a-1024-4259-a8e8-7937d36cd36c,matched
2026-08-05T02:09:14Z,Notification,5e6de89a-1024-4259-a8e8-7937d36cd36c,matched
2026-08-05T02:11:50Z,Notification,5e6de89a-1024-4259-a8e8-7937d36cd36c,matched
2026-08-05T02:16:39Z,Notification,5e6de89a-1024-4259-a8e8-7937d36cd36c,matched
2026-08-05T02:37:55Z,Notification,5e6de89a-1024-4259-a8e8-7937d36cd36c,matched
2026-08-05T02:44:15Z,Notification,5e6de89a-1024-4259-a8e8-7937d36cd36c,matched
2026-08-05T02:48:47Z,Notification,5e6de89a-1024-4259-a8e8-7937d36cd36c,matched
2026-08-05T02:49:04Z,Notification,5e6de89a-1024-4259-a8e8-7937d36cd36c,matched
2026-08-05T02:59:30Z,Notification,5e6de89a-1024-4259-a8e8-7937d36cd36c,matched
2026-08-05T02:59:54Z,Notification,5e6de89a-1024-4259-a8e8-7937d36cd36c,matched
2026-08-05T03:01:25Z,Notification,5e6de89a-1024-4259-a8e8-7937d36cd36c,matched
2026-08-05T03:08:23Z,Notification,5e6de89a-1024-4259-a8e8-7937d36cd36c,matched
2026-08-05T03:15:13Z,Notification,5e6de89a-1024-4259-a8e8-7937d36cd36c,matched
2026-08-05T03:24:59Z,Notification,5e6de89a-1024-4259-a8e8-7937d36cd36c,matched
2026-08-05T03:40:00Z,Notification,5e6de89a-1024-4259-a8e8-7937d36cd36c,matched
2026-08-05T03:45:52Z,Notification,5e6de89a-1024-4259-a8e8-7937d36cd36c,matched
2026-08-05T03:50:01Z,Notification,5e6de89a-1024-4259-a8e8-7937d36cd36c,matched
2026-08-05T03:53:04Z,Notification,5e6de89a-1024-4259-a8e8-7937d36cd36c,matched
2026-08-05T03:56:40Z,Notification,5e6de89a-1024-4259-a8e8-7937d36cd36c,matched
2026-08-05T04:20:47Z,Notification,5e6de89a-1024-4259-a8e8-7937d36cd36c,matched
2026-08-05T04:26:00Z,Notification,5e6de89a-1024-4259-a8e8-7937d36cd36c,matched
2026-08-05T04:26:35Z,Notification,5e6de89a-1024-4259-a8e8-7937d36cd36c,matched
2026-08-05T04:39:42Z,Notification,5e6de89a-1024-4259-a8e8-7937d36cd36c,matched
2026-08-05T04:42:16Z,Notification,5e6de89a-1024-4259-a8e8-7937d36cd36c,matched
2026-08-05T04:48:15Z,Notification,5e6de89a-1024-4259-a8e8-7937d36cd36c,matched
2026-08-05T06:10:46Z,Notification,5e6de89a-1024-4259-a8e8-7937d36cd36c,matched
2026-08-05T06:13:44Z,Notification,5e6de89a-1024-4259-a8e8-7937d36cd36c,matched
2026-08-05T06:16:56Z,Notification,5e6de89a-1024-4259-a8e8-7937d36cd36c,matched
2026-08-05T06:37:59Z,Notification,5e6de89a-1024-4259-a8e8-7937d36cd36c,matched
2026-08-05T06:47:55Z,Notification,5e6de89a-1024-4259-a8e8-7937d36cd36c,matched
2026-08-05T07:00:03Z,Notification,5e6de89a-1024-4259-a8e8-7937d36cd36c,matched
2026-08-05T07:02:01Z,Notification,5e6de89a-1024-4259-a8e8-7937d36cd36c,matched
2026-08-05T07:13:11Z,Notification,5e6de89a-1024-4259-a8e8-7937d36cd36c,matched
2026-08-05T07:30:54Z,Notification,5e6de89a-1024-4259-a8e8-7937d36cd36c,matched
2026-08-05T07:32:22Z,Notification,5e6de89a-1024-4259-a8e8-7937d36cd36c,matched
2026-08-05T07:35:57Z,Notification,5e6de89a-1024-4259-a8e8-7937d36cd36c,matched
2026-08-05T07:42:10Z,Notification,5e6de89a-1024-4259-a8e8-7937d36cd36c,matched
2026-08-05T07:50:21Z,Notification,5e6de89a-1024-4259-a8e8-7937d36cd36c,matched
2026-08-05T08:01:46Z,Notification,5e6de89a-1024-4259-a8e8-7937d36cd36c,matched
2026-08-05T08:15:23Z,Notification,5e6de89a-1024-4259-a8e8-7937d36cd36c,matched
2026-08-05T08:25:19Z,Notification,5e6de89a-1024-4259-a8e8-7937d36cd36c,matched
2026-08-05T09:03:45Z,Notification,5e6de89a-1024-4259-a8e8-7937d36cd36c,matched
2026-08-05T09:26:30Z,Notification,5e6de89a-1024-4259-a8e8-7937d36cd36c,matched
2026-08-05T09:46:06Z,Notification,5e6de89a-1024-4259-a8e8-7937d36cd36c,matched
2026-08-05T10:02:49Z,Notification,5e6de89a-1024-4259-a8e8-7937d36cd36c,matched
2026-08-05T10:11:38Z,Notification,5e6de89a-1024-4259-a8e8-7937d36cd36c,matched
1785894676.4220989,PreToolUse,5e6de89a-1024-4259-a8e8-7937d36cd36c,missed
1785894833.801719,PreToolUse,5e6de89a-1024-4259-a8e8-7937d36cd36c,missed
1785894880.85192,PreToolUse,5e6de89a-1024-4259-a8e8-7937d36cd36c,missed
1785894921.4796622,PreToolUse,5e6de89a-1024-4259-a8e8-7937d36cd36c,missed
1785894930.34365,PreToolUse,5e6de89a-1024-4259-a8e8-7937d36cd36c,missed
1785894937.240088,PreToolUse,5e6de89a-1024-4259-a8e8-7937d36cd36c,missed
1785895156.052923,PreToolUse,5e6de89a-1024-4259-a8e8-7937d36cd36c,missed
1785895174.048672,PreToolUse,5e6de89a-1024-4259-a8e8-7937d36cd36c,missed
1785895211.9204118,PreToolUse,5e6de89a-1024-4259-a8e8-7937d36cd36c,missed
1785895279.533494,PreToolUse,5e6de89a-1024-4259-a8e8-7937d36cd36c,missed
1785895338.1012568,PreToolUse,5e6de89a-1024-4259-a8e8-7937d36cd36c,missed
1785895340.7311091,PreToolUse,5e6de89a-1024-4259-a8e8-7937d36cd36c,missed
1785895365.704075,PreToolUse,5e6de89a-1024-4259-a8e8-7937d36cd36c,missed
1785895377.230191,PreToolUse,5e6de89a-1024-4259-a8e8-7937d36cd36c,missed
1785895392.091706,PreToolUse,5e6de89a-1024-4259-a8e8-7937d36cd36c,missed
1785895403.78582,PreToolUse,5e6de89a-1024-4259-a8e8-7937d36cd36c,missed
1785895654.890752,PreToolUse,5e6de89a-1024-4259-a8e8-7937d36cd36c,missed
1785895662.6533399,PreToolUse,5e6de89a-1024-4259-a8e8-7937d36cd36c,missed
1785895663.55845,PreToolUse,5e6de89a-1024-4259-a8e8-7937d36cd36c,missed
1785895668.451705,PreToolUse,5e6de89a-1024-4259-a8e8-7937d36cd36c,missed
1785895688.9094222,PreToolUse,5e6de89a-1024-4259-a8e8-7937d36cd36c,missed
1785895818.605479,PreToolUse,5e6de89a-1024-4259-a8e8-7937d36cd36c,missed
1785895860.286933,PreToolUse,5e6de89a-1024-4259-a8e8-7937d36cd36c,missed
1785895876.093955,PreToolUse,5e6de89a-1024-4259-a8e8-7937d36cd36c,missed
1785895903.8990452,PreToolUse,5e6de89a-1024-4259-a8e8-7937d36cd36c,missed
1785896161.4770718,PreToolUse,5e6de89a-1024-4259-a8e8-7937d36cd36c,missed
1785896193.605097,PreToolUse,5e6de89a-1024-4259-a8e8-7937d36cd36c,missed
1785897256.371257,PreToolUse,5e6de89a-1024-4259-a8e8-7937d36cd36c,missed
1785897283.226866,PreToolUse,5e6de89a-1024-4259-a8e8-7937d36cd36c,missed
1785897312.4254742,PreToolUse,5e6de89a-1024-4259-a8e8-7937d36cd36c,missed
1785897317.418456,PreToolUse,5e6de89a-1024-4259-a8e8-7937d36cd36c,missed
1785897321.181157,PreToolUse,5e6de89a-1024-4259-a8e8-7937d36cd36c,missed
1785897321.604295,PreToolUse,5e6de89a-1024-4259-a8e8-7937d36cd36c,missed
1785897333.502539,PreToolUse,5e6de89a-1024-4259-a8e8-7937d36cd36c,missed
1785897337.727113,PreToolUse,5e6de89a-1024-4259-a8e8-7937d36cd36c,missed
1785897378.574945,PreToolUse,5e6de89a-1024-4259-a8e8-7937d36cd36c,missed
1785897457.699677,PreToolUse,5e6de89a-1024-4259-a8e8-7937d36cd36c,missed
1785897468.9560351,PreToolUse,5e6de89a-1024-4259-a8e8-7937d36cd36c,missed
1785897494.2120378,PreToolUse,5e6de89a-1024-4259-a8e8-7937d36cd36c,missed
1785897501.23582,PreToolUse,5e6de89a-1024-4259-a8e8-7937d36cd36c,missed
1785897530.8831701,PreToolUse,5e6de89a-1024-4259-a8e8-7937d36cd36c,missed
1785897538.5998778,PreToolUse,5e6de89a-1024-4259-a8e8-7937d36cd36c,missed
1785897552.2003012,PreToolUse,5e6de89a-1024-4259-a8e8-7937d36cd36c,missed
1785897555.737035,PreToolUse,5e6de89a-1024-4259-a8e8-7937d36cd36c,missed
1785897579.340502,PreToolUse,5e6de89a-1024-4259-a8e8-7937d36cd36c,missed
1785897587.5180318,PreToolUse,5e6de89a-1024-4259-a8e8-7937d36cd36c,missed
1785897602.6774058,PreToolUse,5e6de89a-1024-4259-a8e8-7937d36cd36c,missed
1785897614.637959,PreToolUse,5e6de89a-1024-4259-a8e8-7937d36cd36c,missed
1785897619.966381,PreToolUse,5e6de89a-1024-4259-a8e8-7937d36cd36c,missed
1785897628.405379,PreToolUse,5e6de89a-1024-4259-a8e8-7937d36cd36c,missed
1785897639.39697,PreToolUse,5e6de89a-1024-4259-a8e8-7937d36cd36c,missed
1785897642.700019,PreToolUse,5e6de89a-1024-4259-a8e8-7937d36cd36c,missed
1785897647.825191,PreToolUse,5e6de89a-1024-4259-a8e8-7937d36cd36c,missed
1785897653.3692749,PreToolUse,5e6de89a-1024-4259-a8e8-7937d36cd36c,missed
1785897662.590684,PreToolUse,5e6de89a-1024-4259-a8e8-7937d36cd36c,missed
1785897667.759284,PreToolUse,5e6de89a-1024-4259-a8e8-7937d36cd36c,missed
1785897671.449186,PreToolUse,5e6de89a-1024-4259-a8e8-7937d36cd36c,missed
1785897746.061606,PreToolUse,5e6de89a-1024-4259-a8e8-7937d36cd36c,missed
1785897767.3978398,PreToolUse,5e6de89a-1024-4259-a8e8-7937d36cd36c,missed
1785897780.939898,PreToolUse,5e6de89a-1024-4259-a8e8-7937d36cd36c,missed
1785897849.13518,PreToolUse,5e6de89a-1024-4259-a8e8-7937d36cd36c,missed
1785898036.8338182,PreToolUse,5e6de89a-1024-4259-a8e8-7937d36cd36c,missed
1785898046.575517,PreToolUse,5e6de89a-1024-4259-a8e8-7937d36cd36c,missed
1785898047.467573,PreToolUse,5e6de89a-1024-4259-a8e8-7937d36cd36c,missed
1785898053.0436218,PreToolUse,5e6de89a-1024-4259-a8e8-7937d36cd36c,missed
1785898061.638032,PreToolUse,5e6de89a-1024-4259-a8e8-7937d36cd36c,missed
1785898138.372759,PreToolUse,5e6de89a-1024-4259-a8e8-7937d36cd36c,missed
1785898262.2422788,PreToolUse,5e6de89a-1024-4259-a8e8-7937d36cd36c,missed
1785898320.8595881,PreToolUse,5e6de89a-1024-4259-a8e8-7937d36cd36c,missed
1785898410.732956,PreToolUse,5e6de89a-1024-4259-a8e8-7937d36cd36c,missed
1785898413.290402,PreToolUse,5e6de89a-1024-4259-a8e8-7937d36cd36c,missed
1785898648.015404,PreToolUse,5e6de89a-1024-4259-a8e8-7937d36cd36c,missed
1785898648.633318,PreToolUse,5e6de89a-1024-4259-a8e8-7937d36cd36c,missed
1785898679.81648,PreToolUse,5e6de89a-1024-4259-a8e8-7937d36cd36c,missed
1785898686.3902998,PreToolUse,5e6de89a-1024-4259-a8e8-7937d36cd36c,missed
1785898700.9150379,PreToolUse,5e6de89a-1024-4259-a8e8-7937d36cd36c,missed
1785898701.972851,PreToolUse,5e6de89a-1024-4259-a8e8-7937d36cd36c,missed
1785898708.0956109,PreToolUse,5e6de89a-1024-4259-a8e8-7937d36cd36c,missed
1785898710.1288068,PreToolUse,5e6de89a-1024-4259-a8e8-7937d36cd36c,missed
1785898725.5189161,PreToolUse,5e6de89a-1024-4259-a8e8-7937d36cd36c,missed
1785898726.849757,PreToolUse,5e6de89a-1024-4259-a8e8-7937d36cd36c,missed
1785898733.926534,PreToolUse,5e6de89a-1024-4259-a8e8-7937d36cd36c,missed
1785898740.118558,PreToolUse,5e6de89a-1024-4259-a8e8-7937d36cd36c,missed
1785898765.9396448,PreToolUse,5e6de89a-1024-4259-a8e8-7937d36cd36c,missed
1785898788.688652,PreToolUse,5e6de89a-1024-4259-a8e8-7937d36cd36c,missed
1785898832.7755468,PreToolUse,5e6de89a-1024-4259-a8e8-7937d36cd36c,missed
1785898847.271595,PreToolUse,5e6de89a-1024-4259-a8e8-7937d36cd36c,missed
1785898854.011809,PreToolUse,5e6de89a-1024-4259-a8e8-7937d36cd36c,missed
1785898864.4129028,PreToolUse,5e6de89a-1024-4259-a8e8-7937d36cd36c,missed
1785898878.968307,PreToolUse,5e6de89a-1024-4259-a8e8-7937d36cd36c,missed
1785899146.5291562,PreToolUse,5e6de89a-1024-4259-a8e8-7937d36cd36c,missed
1785899187.209494,PreToolUse,5e6de89a-1024-4259-a8e8-7937d36cd36c,missed
1785899193.2987351,PreToolUse,5e6de89a-1024-4259-a8e8-7937d36cd36c,missed
1785899282.184792,PreToolUse,5e6de89a-1024-4259-a8e8-7937d36cd36c,missed
1785899297.7628999,PreToolUse,5e6de89a-1024-4259-a8e8-7937d36cd36c,missed
1785899690.967653,PreToolUse,5e6de89a-1024-4259-a8e8-7937d36cd36c,missed
1785899707.073778,PreToolUse,5e6de89a-1024-4259-a8e8-7937d36cd36c,missed
1785900293.467653,PreToolUse,5e6de89a-1024-4259-a8e8-7937d36cd36c,missed
1785901070.097025,PreToolUse,5e6de89a-1024-4259-a8e8-7937d36cd36c,missed
1785901174.0636039,PreToolUse,5e6de89a-1024-4259-a8e8-7937d36cd36c,missed
1785901194.7467048,PreToolUse,5e6de89a-1024-4259-a8e8-7937d36cd36c,missed
1785901215.872345,PreToolUse,5e6de89a-1024-4259-a8e8-7937d36cd36c,missed
1785901225.570285,PreToolUse,5e6de89a-1024-4259-a8e8-7937d36cd36c,missed
1785901256.449505,PreToolUse,5e6de89a-1024-4259-a8e8-7937d36cd36c,missed
1785901267.194487,PreToolUse,5e6de89a-1024-4259-a8e8-7937d36cd36c,missed
1785901410.3011358,PreToolUse,5e6de89a-1024-4259-a8e8-7937d36cd36c,missed
1785901467.046709,PreToolUse,5e6de89a-1024-4259-a8e8-7937d36cd36c,missed
1785901481.574315,PreToolUse,5e6de89a-1024-4259-a8e8-7937d36cd36c,missed
1785901502.358923,PreToolUse,5e6de89a-1024-4259-a8e8-7937d36cd36c,missed
1785901522.3577359,PreToolUse,5e6de89a-1024-4259-a8e8-7937d36cd36c,missed
1785901532.838343,PreToolUse,5e6de89a-1024-4259-a8e8-7937d36cd36c,missed
1785901602.374659,PreToolUse,5e6de89a-1024-4259-a8e8-7937d36cd36c,missed
1785901623.378956,PreToolUse,5e6de89a-1024-4259-a8e8-7937d36cd36c,missed
1785901632.666145,PreToolUse,5e6de89a-1024-4259-a8e8-7937d36cd36c,missed
1785901644.885018,PreToolUse,5e6de89a-1024-4259-a8e8-7937d36cd36c,missed
1785901656.8434281,PreToolUse,5e6de89a-1024-4259-a8e8-7937d36cd36c,missed
1785901669.7561228,PreToolUse,5e6de89a-1024-4259-a8e8-7937d36cd36c,missed
1785901678.472662,PreToolUse,5e6de89a-1024-4259-a8e8-7937d36cd36c,missed
1785901684.880281,PreToolUse,5e6de89a-1024-4259-a8e8-7937d36cd36c,missed
1785901693.215321,PreToolUse,5e6de89a-1024-4259-a8e8-7937d36cd36c,missed
1785901700.15873,PreToolUse,5e6de89a-1024-4259-a8e8-7937d36cd36c,missed
1785901707.926191,PreToolUse,5e6de89a-1024-4259-a8e8-7937d36cd36c,missed
1785901794.81428,PreToolUse,5e6de89a-1024-4259-a8e8-7937d36cd36c,missed
1785901888.9070542,PreToolUse,5e6de89a-1024-4259-a8e8-7937d36cd36c,missed
1785901895.407222,PreToolUse,5e6de89a-1024-4259-a8e8-7937d36cd36c,missed
1785901912.8948631,PreToolUse,5e6de89a-1024-4259-a8e8-7937d36cd36c,missed
1785901932.159924,PreToolUse,5e6de89a-1024-4259-a8e8-7937d36cd36c,missed
1785901978.509241,PreToolUse,5e6de89a-1024-4259-a8e8-7937d36cd36c,missed
1785902134.774436,PreToolUse,5e6de89a-1024-4259-a8e8-7937d36cd36c,missed
1785902193.829042,PreToolUse,5e6de89a-1024-4259-a8e8-7937d36cd36c,missed
1785903539.8071449,PreToolUse,5e6de89a-1024-4259-a8e8-7937d36cd36c,missed
1785903546.114304,PreToolUse,5e6de89a-1024-4259-a8e8-7937d36cd36c,missed
1785903546.9884238,PreToolUse,5e6de89a-1024-4259-a8e8-7937d36cd36c,missed
1785903552.149995,PreToolUse,5e6de89a-1024-4259-a8e8-7937d36cd36c,missed
1785903571.6981618,PreToolUse,5e6de89a-1024-4259-a8e8-7937d36cd36c,missed
1785903580.04402,PreToolUse,5e6de89a-1024-4259-a8e8-7937d36cd36c,missed
1785903703.6341639,PreToolUse,5e6de89a-1024-4259-a8e8-7937d36cd36c,missed
1785903705.047783,PreToolUse,5e6de89a-1024-4259-a8e8-7937d36cd36c,missed
1785903726.028973,PreToolUse,5e6de89a-1024-4259-a8e8-7937d36cd36c,missed
1785903727.024719,PreToolUse,5e6de89a-1024-4259-a8e8-7937d36cd36c,missed
1785903867.5712461,PreToolUse,5e6de89a-1024-4259-a8e8-7937d36cd36c,missed
1785903868.182477,PreToolUse,5e6de89a-1024-4259-a8e8-7937d36cd36c,missed
1785903891.4030788,PreToolUse,5e6de89a-1024-4259-a8e8-7937d36cd36c,missed
1785903895.603926,PreToolUse,5e6de89a-1024-4259-a8e8-7937d36cd36c,missed
1785903899.411435,PreToolUse,5e6de89a-1024-4259-a8e8-7937d36cd36c,missed
1785903903.933442,PreToolUse,5e6de89a-1024-4259-a8e8-7937d36cd36c,missed
1785903958.149975,PreToolUse,5e6de89a-1024-4259-a8e8-7937d36cd36c,missed
1785903960.982243,PreToolUse,5e6de89a-1024-4259-a8e8-7937d36cd36c,missed
1785903980.091756,PreToolUse,5e6de89a-1024-4259-a8e8-7937d36cd36c,missed
1785903989.541628,PreToolUse,5e6de89a-1024-4259-a8e8-7937d36cd36c,missed
1785904743.266662,PreToolUse,5e6de89a-1024-4259-a8e8-7937d36cd36c,missed
1785904757.980298,PreToolUse,5e6de89a-1024-4259-a8e8-7937d36cd36c,missed
1785904767.512279,PreToolUse,5e6de89a-1024-4259-a8e8-7937d36cd36c,missed
1785904769.828841,PreToolUse,5e6de89a-1024-4259-a8e8-7937d36cd36c,missed
1785904776.4903748,PreToolUse,5e6de89a-1024-4259-a8e8-7937d36cd36c,missed
1785904795.36742,PreToolUse,5e6de89a-1024-4259-a8e8-7937d36cd36c,missed
1785904805.369111,PreToolUse,5e6de89a-1024-4259-a8e8-7937d36cd36c,missed
1785904841.946165,PreToolUse,5e6de89a-1024-4259-a8e8-7937d36cd36c,missed
1785904869.515619,PreToolUse,5e6de89a-1024-4259-a8e8-7937d36cd36c,missed
1785904875.508409,PreToolUse,5e6de89a-1024-4259-a8e8-7937d36cd36c,missed
1785904876.540468,PreToolUse,5e6de89a-1024-4259-a8e8-7937d36cd36c,missed
1785904877.6407208,PreToolUse,5e6de89a-1024-4259-a8e8-7937d36cd36c,missed
1785905141.963572,PreToolUse,5e6de89a-1024-4259-a8e8-7937d36cd36c,missed
1785905142.900202,PreToolUse,5e6de89a-1024-4259-a8e8-7937d36cd36c,missed
1785905150.2116039,PreToolUse,5e6de89a-1024-4259-a8e8-7937d36cd36c,missed
1785905275.454628,PreToolUse,5e6de89a-1024-4259-a8e8-7937d36cd36c,missed
1785905289.175552,PreToolUse,5e6de89a-1024-4259-a8e8-7937d36cd36c,missed
1785910240.252834,PreToolUse,5e6de89a-1024-4259-a8e8-7937d36cd36c,missed
1785910418.565284,PreToolUse,5e6de89a-1024-4259-a8e8-7937d36cd36c,missed
1785910609.836187,PreToolUse,5e6de89a-1024-4259-a8e8-7937d36cd36c,missed
1785910816.7199,PreToolUse,5e6de89a-1024-4259-a8e8-7937d36cd36c,missed
1785911011.480161,PreToolUse,5e6de89a-1024-4259-a8e8-7937d36cd36c,missed
1785911108.84813,PreToolUse,5e6de89a-1024-4259-a8e8-7937d36cd36c,missed
1785911133.649775,PreToolUse,5e6de89a-1024-4259-a8e8-7937d36cd36c,missed
1785911162.121152,PreToolUse,5e6de89a-1024-4259-a8e8-7937d36cd36c,missed
1785911706.5723221,PreToolUse,5e6de89a-1024-4259-a8e8-7937d36cd36c,missed
1785911827.3607402,PreToolUse,5e6de89a-1024-4259-a8e8-7937d36cd36c,missed
1785911873.246256,PreToolUse,5e6de89a-1024-4259-a8e8-7937d36cd36c,missed
1785912303.633701,PreToolUse,5e6de89a-1024-4259-a8e8-7937d36cd36c,missed
1785912311.656694,PreToolUse,5e6de89a-1024-4259-a8e8-7937d36cd36c,missed
1785912352.8523772,PreToolUse,5e6de89a-1024-4259-a8e8-7937d36cd36c,missed
1785912388.710573,PreToolUse,5e6de89a-1024-4259-a8e8-7937d36cd36c,missed
1785912400.9479702,PreToolUse,5e6de89a-1024-4259-a8e8-7937d36cd36c,missed
1785912433.137297,PreToolUse,5e6de89a-1024-4259-a8e8-7937d36cd36c,missed
1785912434.928173,PreToolUse,5e6de89a-1024-4259-a8e8-7937d36cd36c,missed
1785912435.4478369,PreToolUse,5e6de89a-1024-4259-a8e8-7937d36cd36c,missed
1785912445.006733,PreToolUse,5e6de89a-1024-4259-a8e8-7937d36cd36c,missed
1785912445.781706,PreToolUse,5e6de89a-1024-4259-a8e8-7937d36cd36c,missed
1785912447.647478,PreToolUse,5e6de89a-1024-4259-a8e8-7937d36cd36c,missed
1785912458.8578718,PreToolUse,5e6de89a-1024-4259-a8e8-7937d36cd36c,missed
1785912640.3480608,PreToolUse,5e6de89a-1024-4259-a8e8-7937d36cd36c,missed
1785912642.495361,PreToolUse,5e6de89a-1024-4259-a8e8-7937d36cd36c,missed
1785912669.014695,PreToolUse,5e6de89a-1024-4259-a8e8-7937d36cd36c,missed
1785912691.064939,PreToolUse,5e6de89a-1024-4259-a8e8-7937d36cd36c,missed
1785912701.605321,PreToolUse,5e6de89a-1024-4259-a8e8-7937d36cd36c,missed
1785912804.744253,PreToolUse,5e6de89a-1024-4259-a8e8-7937d36cd36c,missed
1785912811.797992,PreToolUse,5e6de89a-1024-4259-a8e8-7937d36cd36c,missed
1785912819.998325,PreToolUse,5e6de89a-1024-4259-a8e8-7937d36cd36c,missed
1785912832.866343,PreToolUse,5e6de89a-1024-4259-a8e8-7937d36cd36c,missed
1785912846.003579,PreToolUse,5e6de89a-1024-4259-a8e8-7937d36cd36c,missed
1785912856.687032,PreToolUse,5e6de89a-1024-4259-a8e8-7937d36cd36c,missed
1785912880.3304782,PreToolUse,5e6de89a-1024-4259-a8e8-7937d36cd36c,missed
1785912901.240381,PreToolUse,5e6de89a-1024-4259-a8e8-7937d36cd36c,missed
1785912910.727653,PreToolUse,5e6de89a-1024-4259-a8e8-7937d36cd36c,missed
1785912912.504801,PreToolUse,5e6de89a-1024-4259-a8e8-7937d36cd36c,missed
1785912923.451106,PreToolUse,5e6de89a-1024-4259-a8e8-7937d36cd36c,missed
1785912933.869465,PreToolUse,5e6de89a-1024-4259-a8e8-7937d36cd36c,missed
1785912945.815546,PreToolUse,5e6de89a-1024-4259-a8e8-7937d36cd36c,missed
1785912952.318677,PreToolUse,5e6de89a-1024-4259-a8e8-7937d36cd36c,missed
1785912959.731308,PreToolUse,5e6de89a-1024-4259-a8e8-7937d36cd36c,missed
1785912970.8323689,PreToolUse,5e6de89a-1024-4259-a8e8-7937d36cd36c,missed
1785912976.882197,PreToolUse,5e6de89a-1024-4259-a8e8-7937d36cd36c,missed
1785912988.8749208,PreToolUse,5e6de89a-1024-4259-a8e8-7937d36cd36c,missed
1785913067.316138,PreToolUse,5e6de89a-1024-4259-a8e8-7937d36cd36c,missed
1785913076.884361,PreToolUse,5e6de89a-1024-4259-a8e8-7937d36cd36c,missed
1785913086.659337,PreToolUse,5e6de89a-1024-4259-a8e8-7937d36cd36c,missed
1785913140.472832,PreToolUse,5e6de89a-1024-4259-a8e8-7937d36cd36c,missed
1785913197.748409,PreToolUse,5e6de89a-1024-4259-a8e8-7937d36cd36c,missed
1785913315.5331562,PreToolUse,5e6de89a-1024-4259-a8e8-7937d36cd36c,missed
1785913985.480716,PreToolUse,5e6de89a-1024-4259-a8e8-7937d36cd36c,missed
1785914940.9093492,PreToolUse,5e6de89a-1024-4259-a8e8-7937d36cd36c,missed
1785914983.6301088,PreToolUse,5e6de89a-1024-4259-a8e8-7937d36cd36c,missed
1785915117.24018,PreToolUse,5e6de89a-1024-4259-a8e8-7937d36cd36c,missed
1785915119.216306,PreToolUse,5e6de89a-1024-4259-a8e8-7937d36cd36c,missed
1785915136.2394218,PreToolUse,5e6de89a-1024-4259-a8e8-7937d36cd36c,missed
1785915339.29328,PreToolUse,5e6de89a-1024-4259-a8e8-7937d36cd36c,missed
1785915350.809651,PreToolUse,5e6de89a-1024-4259-a8e8-7937d36cd36c,missed
1785915724.60126,PreToolUse,5e6de89a-1024-4259-a8e8-7937d36cd36c,missed
1785915929.4595342,PreToolUse,5e6de89a-1024-4259-a8e8-7937d36cd36c,missed
1785916038.243598,PreToolUse,5e6de89a-1024-4259-a8e8-7937d36cd36c,missed
1785916118.716248,PreToolUse,5e6de89a-1024-4259-a8e8-7937d36cd36c,missed
1785916160.4001431,PreToolUse,5e6de89a-1024-4259-a8e8-7937d36cd36c,missed
1785916215.041248,PreToolUse,5e6de89a-1024-4259-a8e8-7937d36cd36c,missed
1785916900.327042,PreToolUse,5e6de89a-1024-4259-a8e8-7937d36cd36c,missed
1785917717.523933,PreToolUse,5e6de89a-1024-4259-a8e8-7937d36cd36c,missed
1785918006.8473961,PreToolUse,5e6de89a-1024-4259-a8e8-7937d36cd36c,missed
1785918076.7356942,PreToolUse,5e6de89a-1024-4259-a8e8-7937d36cd36c,missed
1785918113.830221,PreToolUse,5e6de89a-1024-4259-a8e8-7937d36cd36c,missed
1785918127.992722,PreToolUse,5e6de89a-1024-4259-a8e8-7937d36cd36c,missed
1785918251.3500748,PreToolUse,5e6de89a-1024-4259-a8e8-7937d36cd36c,missed
1785918313.671743,PreToolUse,5e6de89a-1024-4259-a8e8-7937d36cd36c,missed
1785919778.232928,PreToolUse,5e6de89a-1024-4259-a8e8-7937d36cd36c,missed
1785919853.818465,PreToolUse,5e6de89a-1024-4259-a8e8-7937d36cd36c,missed
1785920017.894165,PreToolUse,5e6de89a-1024-4259-a8e8-7937d36cd36c,missed
1785920097.952257,PreToolUse,5e6de89a-1024-4259-a8e8-7937d36cd36c,missed
1785920098.7337532,PreToolUse,5e6de89a-1024-4259-a8e8-7937d36cd36c,missed
1785920138.293694,PreToolUse,5e6de89a-1024-4259-a8e8-7937d36cd36c,missed
1785920153.309228,PreToolUse,5e6de89a-1024-4259-a8e8-7937d36cd36c,missed
1785920180.920289,PreToolUse,5e6de89a-1024-4259-a8e8-7937d36cd36c,missed
1785921881.716707,PreToolUse,5e6de89a-1024-4259-a8e8-7937d36cd36c,missed
1785921907.764283,PreToolUse,5e6de89a-1024-4259-a8e8-7937d36cd36c,missed
1785921908.120429,PreToolUse,5e6de89a-1024-4259-a8e8-7937d36cd36c,missed
1785922946.489357,PreToolUse,5e6de89a-1024-4259-a8e8-7937d36cd36c,missed
1785922956.055052,PreToolUse,5e6de89a-1024-4259-a8e8-7937d36cd36c,missed
1785923008.981548,PreToolUse,5e6de89a-1024-4259-a8e8-7937d36cd36c,missed
1785924122.9781508,PreToolUse,5e6de89a-1024-4259-a8e8-7937d36cd36c,missed
1785924163.7788439,PreToolUse,5e6de89a-1024-4259-a8e8-7937d36cd36c,missed
1785924290.916301,PreToolUse,5e6de89a-1024-4259-a8e8-7937d36cd36c,missed
1785924330.449292,PreToolUse,5e6de89a-1024-4259-a8e8-7937d36cd36c,missed
1785924346.200213,PreToolUse,5e6de89a-1024-4259-a8e8-7937d36cd36c,missed
1785924368.408784,PreToolUse,5e6de89a-1024-4259-a8e8-7937d36cd36c,missed
1785924373.229197,PreToolUse,5e6de89a-1024-4259-a8e8-7937d36cd36c,missed
1785924380.570414,PreToolUse,5e6de89a-1024-4259-a8e8-7937d36cd36c,missed
1785924393.168564,PreToolUse,5e6de89a-1024-4259-a8e8-7937d36cd36c,missed
1785924396.126262,PreToolUse,5e6de89a-1024-4259-a8e8-7937d36cd36c,missed
1785924404.860638,PreToolUse,5e6de89a-1024-4259-a8e8-7937d36cd36c,missed
1785924425.624404,PreToolUse,5e6de89a-1024-4259-a8e8-7937d36cd36c,missed
1785924458.3454442,PreToolUse,5e6de89a-1024-4259-a8e8-7937d36cd36c,missed
1785924583.3642979,PreToolUse,5e6de89a-1024-4259-a8e8-7937d36cd36c,missed
1785924615.59641,PreToolUse,5e6de89a-1024-4259-a8e8-7937d36cd36c,missed
2026-08-05T10:31:41Z,SessionEnd,5e6de89a-1024-4259-a8e8-7937d36cd36c,matched
2026-08-05T02:08:13Z,Stop,5e6de89a-1024-4259-a8e8-7937d36cd36c,matched
2026-08-05T02:35:43Z,Stop,5e6de89a-1024-4259-a8e8-7937d36cd36c,matched
2026-08-05T02:47:47Z,Stop,5e6de89a-1024-4259-a8e8-7937d36cd36c,matched
2026-08-05T02:58:30Z,Stop,5e6de89a-1024-4259-a8e8-7937d36cd36c,matched
2026-08-05T03:44:52Z,Stop,5e6de89a-1024-4259-a8e8-7937d36cd36c,matched
2026-08-05T04:19:46Z,Stop,5e6de89a-1024-4259-a8e8-7937d36cd36c,matched
2026-08-05T04:25:00Z,Stop,5e6de89a-1024-4259-a8e8-7937d36cd36c,matched
2026-08-05T04:41:16Z,Stop,5e6de89a-1024-4259-a8e8-7937d36cd36c,matched
2026-08-05T06:46:55Z,Stop,5e6de89a-1024-4259-a8e8-7937d36cd36c,matched
2026-08-05T07:29:54Z,Stop,5e6de89a-1024-4259-a8e8-7937d36cd36c,matched
2026-08-05T09:25:30Z,Stop,5e6de89a-1024-4259-a8e8-7937d36cd36c,matched
2026-08-05T09:45:06Z,Stop,5e6de89a-1024-4259-a8e8-7937d36cd36c,matched
2026-08-05T10:08:14Z,Stop,5e6de89a-1024-4259-a8e8-7937d36cd36c,matched
2026-08-05T10:10:38Z,Stop,5e6de89a-1024-4259-a8e8-7937d36cd36c,matched
2026-08-05T08:58:00Z,StopFailure,5e6de89a-1024-4259-a8e8-7937d36cd36c,matched
2026-08-05T01:52:53Z,Notification,6d3e1a60-2975-40bb-8c55-87e0605ad2aa,matched
2026-08-05T01:56:16Z,Notification,6d3e1a60-2975-40bb-8c55-87e0605ad2aa,matched
2026-08-05T02:02:26Z,Notification,6d3e1a60-2975-40bb-8c55-87e0605ad2aa,matched
2026-08-05T02:13:03Z,Notification,6d3e1a60-2975-40bb-8c55-87e0605ad2aa,matched
2026-08-05T02:38:17Z,Notification,6d3e1a60-2975-40bb-8c55-87e0605ad2aa,matched
2026-08-05T02:43:43Z,Notification,6d3e1a60-2975-40bb-8c55-87e0605ad2aa,matched
2026-08-05T02:49:01Z,Notification,6d3e1a60-2975-40bb-8c55-87e0605ad2aa,matched
2026-08-05T02:54:34Z,Notification,6d3e1a60-2975-40bb-8c55-87e0605ad2aa,matched
2026-08-05T02:57:28Z,Notification,6d3e1a60-2975-40bb-8c55-87e0605ad2aa,matched
2026-08-05T03:01:07Z,Notification,6d3e1a60-2975-40bb-8c55-87e0605ad2aa,matched
2026-08-05T03:07:51Z,Notification,6d3e1a60-2975-40bb-8c55-87e0605ad2aa,matched
2026-08-05T03:15:59Z,Notification,6d3e1a60-2975-40bb-8c55-87e0605ad2aa,matched
2026-08-05T03:25:11Z,Notification,6d3e1a60-2975-40bb-8c55-87e0605ad2aa,matched
2026-08-05T03:40:05Z,Notification,6d3e1a60-2975-40bb-8c55-87e0605ad2aa,matched
2026-08-05T03:51:28Z,Notification,6d3e1a60-2975-40bb-8c55-87e0605ad2aa,matched
2026-08-05T10:39:11Z,Notification,6d3e1a60-2975-40bb-8c55-87e0605ad2aa,matched
1785894705.390814,PreToolUse,6d3e1a60-2975-40bb-8c55-87e0605ad2aa,missed
1785894715.5029278,PreToolUse,6d3e1a60-2975-40bb-8c55-87e0605ad2aa,missed
1785894716.352556,PreToolUse,6d3e1a60-2975-40bb-8c55-87e0605ad2aa,missed
1785894725.836033,PreToolUse,6d3e1a60-2975-40bb-8c55-87e0605ad2aa,missed
1785894809.173332,PreToolUse,6d3e1a60-2975-40bb-8c55-87e0605ad2aa,missed
1785894967.817463,PreToolUse,6d3e1a60-2975-40bb-8c55-87e0605ad2aa,missed
1785894968.2203898,PreToolUse,6d3e1a60-2975-40bb-8c55-87e0605ad2aa,missed
1785894969.07955,PreToolUse,6d3e1a60-2975-40bb-8c55-87e0605ad2aa,missed
1785894970.7444239,PreToolUse,6d3e1a60-2975-40bb-8c55-87e0605ad2aa,missed
1785895211.194346,PreToolUse,6d3e1a60-2975-40bb-8c55-87e0605ad2aa,missed
1785895255.25717,PreToolUse,6d3e1a60-2975-40bb-8c55-87e0605ad2aa,missed
1785895339.543853,PreToolUse,6d3e1a60-2975-40bb-8c55-87e0605ad2aa,missed
1785895341.322624,PreToolUse,6d3e1a60-2975-40bb-8c55-87e0605ad2aa,missed
1785895395.747956,PreToolUse,6d3e1a60-2975-40bb-8c55-87e0605ad2aa,missed
1785895438.209467,PreToolUse,6d3e1a60-2975-40bb-8c55-87e0605ad2aa,missed
1785895450.52089,PreToolUse,6d3e1a60-2975-40bb-8c55-87e0605ad2aa,missed
1785895468.274069,PreToolUse,6d3e1a60-2975-40bb-8c55-87e0605ad2aa,missed
1785895634.7376618,PreToolUse,6d3e1a60-2975-40bb-8c55-87e0605ad2aa,missed
1785895777.558941,PreToolUse,6d3e1a60-2975-40bb-8c55-87e0605ad2aa,missed
1785895927.672701,PreToolUse,6d3e1a60-2975-40bb-8c55-87e0605ad2aa,missed
1785895947.053388,PreToolUse,6d3e1a60-2975-40bb-8c55-87e0605ad2aa,missed
1785895977.636513,PreToolUse,6d3e1a60-2975-40bb-8c55-87e0605ad2aa,missed
1785897373.810227,PreToolUse,6d3e1a60-2975-40bb-8c55-87e0605ad2aa,missed
1785897490.960723,PreToolUse,6d3e1a60-2975-40bb-8c55-87e0605ad2aa,missed
1785897709.024079,PreToolUse,6d3e1a60-2975-40bb-8c55-87e0605ad2aa,missed
1785897771.3123178,PreToolUse,6d3e1a60-2975-40bb-8c55-87e0605ad2aa,missed
1785897817.5774899,PreToolUse,6d3e1a60-2975-40bb-8c55-87e0605ad2aa,missed
1785898089.142548,PreToolUse,6d3e1a60-2975-40bb-8c55-87e0605ad2aa,missed
1785898135.5869749,PreToolUse,6d3e1a60-2975-40bb-8c55-87e0605ad2aa,missed
1785898273.5032651,PreToolUse,6d3e1a60-2975-40bb-8c55-87e0605ad2aa,missed
1785898337.68288,PreToolUse,6d3e1a60-2975-40bb-8c55-87e0605ad2aa,missed
1785898387.704376,PreToolUse,6d3e1a60-2975-40bb-8c55-87e0605ad2aa,missed
1785898395.991172,PreToolUse,6d3e1a60-2975-40bb-8c55-87e0605ad2aa,missed
1785898429.4752269,PreToolUse,6d3e1a60-2975-40bb-8c55-87e0605ad2aa,missed
1785898432.4337,PreToolUse,6d3e1a60-2975-40bb-8c55-87e0605ad2aa,missed
1785898432.81389,PreToolUse,6d3e1a60-2975-40bb-8c55-87e0605ad2aa,missed
1785898468.704384,PreToolUse,6d3e1a60-2975-40bb-8c55-87e0605ad2aa,missed
1785898811.877263,PreToolUse,6d3e1a60-2975-40bb-8c55-87e0605ad2aa,missed
1785898829.811179,PreToolUse,6d3e1a60-2975-40bb-8c55-87e0605ad2aa,missed
1785898861.328934,PreToolUse,6d3e1a60-2975-40bb-8c55-87e0605ad2aa,missed
1785899129.8319,PreToolUse,6d3e1a60-2975-40bb-8c55-87e0605ad2aa,missed
1785899130.743277,PreToolUse,6d3e1a60-2975-40bb-8c55-87e0605ad2aa,missed
1785899162.281209,PreToolUse,6d3e1a60-2975-40bb-8c55-87e0605ad2aa,missed
1785899175.531183,PreToolUse,6d3e1a60-2975-40bb-8c55-87e0605ad2aa,missed
1785899198.442723,PreToolUse,6d3e1a60-2975-40bb-8c55-87e0605ad2aa,missed
1785899722.357281,PreToolUse,6d3e1a60-2975-40bb-8c55-87e0605ad2aa,missed
1785899753.245748,PreToolUse,6d3e1a60-2975-40bb-8c55-87e0605ad2aa,missed
1785900305.422911,PreToolUse,6d3e1a60-2975-40bb-8c55-87e0605ad2aa,missed
1785901199.396267,PreToolUse,6d3e1a60-2975-40bb-8c55-87e0605ad2aa,missed
1785901755.618878,PreToolUse,6d3e1a60-2975-40bb-8c55-87e0605ad2aa,missed
1785901762.814267,PreToolUse,6d3e1a60-2975-40bb-8c55-87e0605ad2aa,missed
1785901768.814854,PreToolUse,6d3e1a60-2975-40bb-8c55-87e0605ad2aa,missed
1785901769.304526,PreToolUse,6d3e1a60-2975-40bb-8c55-87e0605ad2aa,missed
1785925953.056711,PreToolUse,6d3e1a60-2975-40bb-8c55-87e0605ad2aa,missed
1785925954.774208,PreToolUse,6d3e1a60-2975-40bb-8c55-87e0605ad2aa,missed
1785925956.889536,PreToolUse,6d3e1a60-2975-40bb-8c55-87e0605ad2aa,missed
1785926002.1386912,PreToolUse,6d3e1a60-2975-40bb-8c55-87e0605ad2aa,missed
1785926091.4830139,PreToolUse,6d3e1a60-2975-40bb-8c55-87e0605ad2aa,missed
1785926101.35626,PreToolUse,6d3e1a60-2975-40bb-8c55-87e0605ad2aa,missed
1785926155.316267,PreToolUse,6d3e1a60-2975-40bb-8c55-87e0605ad2aa,missed
1785926160.247654,PreToolUse,6d3e1a60-2975-40bb-8c55-87e0605ad2aa,missed
2026-08-05T10:39:38Z,SessionEnd,6d3e1a60-2975-40bb-8c55-87e0605ad2aa,matched
2026-08-05T01:51:53Z,Stop,6d3e1a60-2975-40bb-8c55-87e0605ad2aa,matched
2026-08-05T02:01:25Z,Stop,6d3e1a60-2975-40bb-8c55-87e0605ad2aa,matched
2026-08-05T02:56:28Z,Stop,6d3e1a60-2975-40bb-8c55-87e0605ad2aa,matched
2026-08-05T03:06:51Z,Stop,6d3e1a60-2975-40bb-8c55-87e0605ad2aa,matched
2026-08-05T03:50:28Z,Stop,6d3e1a60-2975-40bb-8c55-87e0605ad2aa,matched
2026-08-05T10:36:29Z,Stop,6d3e1a60-2975-40bb-8c55-87e0605ad2aa,matched
2026-08-05T08:01:53Z,Notification,745519ff-217b-434c-8687-adf0d7a7e63c,matched
2026-08-05T08:09:58Z,Notification,745519ff-217b-434c-8687-adf0d7a7e63c,matched
2026-08-05T08:20:16Z,Notification,745519ff-217b-434c-8687-adf0d7a7e63c,matched
2026-08-05T08:31:47Z,Notification,745519ff-217b-434c-8687-adf0d7a7e63c,matched
2026-08-05T08:42:58Z,Notification,745519ff-217b-434c-8687-adf0d7a7e63c,matched
2026-08-05T08:45:08Z,Notification,745519ff-217b-434c-8687-adf0d7a7e63c,matched
2026-08-05T08:49:13Z,Notification,745519ff-217b-434c-8687-adf0d7a7e63c,matched
2026-08-05T08:51:49Z,Notification,745519ff-217b-434c-8687-adf0d7a7e63c,matched
2026-08-05T09:31:26Z,Notification,745519ff-217b-434c-8687-adf0d7a7e63c,matched
2026-08-05T09:45:49Z,Notification,745519ff-217b-434c-8687-adf0d7a7e63c,matched
2026-08-05T09:48:20Z,Notification,745519ff-217b-434c-8687-adf0d7a7e63c,matched
2026-08-05T11:14:50Z,Notification,745519ff-217b-434c-8687-adf0d7a7e63c,matched
1785916880.4847412,PreToolUse,745519ff-217b-434c-8687-adf0d7a7e63c,missed
1785916881.638816,PreToolUse,745519ff-217b-434c-8687-adf0d7a7e63c,missed
1785916897.2516632,PreToolUse,745519ff-217b-434c-8687-adf0d7a7e63c,missed
1785916907.030006,PreToolUse,745519ff-217b-434c-8687-adf0d7a7e63c,missed
1785917080.15324,PreToolUse,745519ff-217b-434c-8687-adf0d7a7e63c,missed
1785917092.376568,PreToolUse,745519ff-217b-434c-8687-adf0d7a7e63c,missed
1785917118.5057778,PreToolUse,745519ff-217b-434c-8687-adf0d7a7e63c,missed
1785917269.996282,PreToolUse,745519ff-217b-434c-8687-adf0d7a7e63c,missed
1785917271.4383411,PreToolUse,745519ff-217b-434c-8687-adf0d7a7e63c,missed
1785917391.9173388,PreToolUse,745519ff-217b-434c-8687-adf0d7a7e63c,missed
1785917493.945834,PreToolUse,745519ff-217b-434c-8687-adf0d7a7e63c,missed
1785917523.844606,PreToolUse,745519ff-217b-434c-8687-adf0d7a7e63c,missed
1785917526.3426392,PreToolUse,745519ff-217b-434c-8687-adf0d7a7e63c,missed
1785917528.163239,PreToolUse,745519ff-217b-434c-8687-adf0d7a7e63c,missed
1785917530.2617128,PreToolUse,745519ff-217b-434c-8687-adf0d7a7e63c,missed
1785917532.6530392,PreToolUse,745519ff-217b-434c-8687-adf0d7a7e63c,missed
1785917534.4127061,PreToolUse,745519ff-217b-434c-8687-adf0d7a7e63c,missed
1785917596.887125,PreToolUse,745519ff-217b-434c-8687-adf0d7a7e63c,missed
1785917601.440127,PreToolUse,745519ff-217b-434c-8687-adf0d7a7e63c,missed
1785917627.01942,PreToolUse,745519ff-217b-434c-8687-adf0d7a7e63c,missed
1785917628.278861,PreToolUse,745519ff-217b-434c-8687-adf0d7a7e63c,missed
1785917648.018206,PreToolUse,745519ff-217b-434c-8687-adf0d7a7e63c,missed
1785917706.8344698,PreToolUse,745519ff-217b-434c-8687-adf0d7a7e63c,missed
1785917734.60989,PreToolUse,745519ff-217b-434c-8687-adf0d7a7e63c,missed
1785917753.696037,PreToolUse,745519ff-217b-434c-8687-adf0d7a7e63c,missed
1785917781.298012,PreToolUse,745519ff-217b-434c-8687-adf0d7a7e63c,missed
1785917845.3033128,PreToolUse,745519ff-217b-434c-8687-adf0d7a7e63c,missed
1785917846.587747,PreToolUse,745519ff-217b-434c-8687-adf0d7a7e63c,missed
1785917957.890101,PreToolUse,745519ff-217b-434c-8687-adf0d7a7e63c,missed
1785917957.937056,PreToolUse,745519ff-217b-434c-8687-adf0d7a7e63c,missed
1785918009.981257,PreToolUse,745519ff-217b-434c-8687-adf0d7a7e63c,missed
1785918701.591,PreToolUse,745519ff-217b-434c-8687-adf0d7a7e63c,missed
1785919372.734498,PreToolUse,745519ff-217b-434c-8687-adf0d7a7e63c,missed
1785919501.946818,PreToolUse,745519ff-217b-434c-8687-adf0d7a7e63c,missed
1785919637.647718,PreToolUse,745519ff-217b-434c-8687-adf0d7a7e63c,missed
1785919670.906893,PreToolUse,745519ff-217b-434c-8687-adf0d7a7e63c,missed
1785919746.8325062,PreToolUse,745519ff-217b-434c-8687-adf0d7a7e63c,missed
1785922217.1524239,PreToolUse,745519ff-217b-434c-8687-adf0d7a7e63c,missed
2026-08-05T08:00:09Z,SessionStart,745519ff-217b-434c-8687-adf0d7a7e63c,matched
2026-08-05T08:25:56Z,Stop,745519ff-217b-434c-8687-adf0d7a7e63c,matched
2026-08-05T08:38:23Z,Stop,745519ff-217b-434c-8687-adf0d7a7e63c,matched
2026-08-05T08:50:49Z,Stop,745519ff-217b-434c-8687-adf0d7a7e63c,matched
2026-08-05T09:30:25Z,Stop,745519ff-217b-434c-8687-adf0d7a7e63c,matched
2026-08-05T09:44:49Z,Stop,745519ff-217b-434c-8687-adf0d7a7e63c,matched
2026-08-05T09:47:20Z,Stop,745519ff-217b-434c-8687-adf0d7a7e63c,matched
2026-08-05T11:13:50Z,Stop,745519ff-217b-434c-8687-adf0d7a7e63c,matched
2026-08-05T10:44:25Z,Notification,c5ab7f23-406b-474e-aad9-13281db0292b,matched
2026-08-05T11:15:34Z,Notification,c5ab7f23-406b-474e-aad9-13281db0292b,matched
2026-08-05T11:25:58Z,Notification,c5ab7f23-406b-474e-aad9-13281db0292b,matched
1785926438.0699441,PreToolUse,c5ab7f23-406b-474e-aad9-13281db0292b,missed
1785926438.6857631,PreToolUse,c5ab7f23-406b-474e-aad9-13281db0292b,missed
1785926439.3976371,PreToolUse,c5ab7f23-406b-474e-aad9-13281db0292b,missed
1785926440.064682,PreToolUse,c5ab7f23-406b-474e-aad9-13281db0292b,missed
1785926441.883827,PreToolUse,c5ab7f23-406b-474e-aad9-13281db0292b,missed
1785926443.361394,PreToolUse,c5ab7f23-406b-474e-aad9-13281db0292b,missed
1785926444.609466,PreToolUse,c5ab7f23-406b-474e-aad9-13281db0292b,missed
1785926445.8966458,PreToolUse,c5ab7f23-406b-474e-aad9-13281db0292b,missed
1785926527.540622,PreToolUse,c5ab7f23-406b-474e-aad9-13281db0292b,missed
1785926560.0065799,PreToolUse,c5ab7f23-406b-474e-aad9-13281db0292b,missed
1785926573.581588,PreToolUse,c5ab7f23-406b-474e-aad9-13281db0292b,missed
1785928243.7881742,PreToolUse,c5ab7f23-406b-474e-aad9-13281db0292b,missed
1785928244.5606139,PreToolUse,c5ab7f23-406b-474e-aad9-13281db0292b,missed
1785928245.298337,PreToolUse,c5ab7f23-406b-474e-aad9-13281db0292b,missed
1785928245.931859,PreToolUse,c5ab7f23-406b-474e-aad9-13281db0292b,missed
1785928335.874088,PreToolUse,c5ab7f23-406b-474e-aad9-13281db0292b,missed
1785928336.6546822,PreToolUse,c5ab7f23-406b-474e-aad9-13281db0292b,missed
1785928441.939447,PreToolUse,c5ab7f23-406b-474e-aad9-13281db0292b,missed
1785928443.342345,PreToolUse,c5ab7f23-406b-474e-aad9-13281db0292b,missed
1785928444.364486,PreToolUse,c5ab7f23-406b-474e-aad9-13281db0292b,missed
1785928471.776408,PreToolUse,c5ab7f23-406b-474e-aad9-13281db0292b,missed
1785928528.151646,PreToolUse,c5ab7f23-406b-474e-aad9-13281db0292b,missed
1785928864.933988,PreToolUse,c5ab7f23-406b-474e-aad9-13281db0292b,missed
1785928866.524804,PreToolUse,c5ab7f23-406b-474e-aad9-13281db0292b,missed
1785928868.942543,PreToolUse,c5ab7f23-406b-474e-aad9-13281db0292b,missed
1785928884.8174562,PreToolUse,c5ab7f23-406b-474e-aad9-13281db0292b,missed
1785928916.215969,PreToolUse,c5ab7f23-406b-474e-aad9-13281db0292b,missed
1785928953.8861172,PreToolUse,c5ab7f23-406b-474e-aad9-13281db0292b,missed
1785929001.794427,PreToolUse,c5ab7f23-406b-474e-aad9-13281db0292b,missed
1785929022.698904,PreToolUse,c5ab7f23-406b-474e-aad9-13281db0292b,missed
1785929031.1283998,PreToolUse,c5ab7f23-406b-474e-aad9-13281db0292b,missed
1785929063.6455302,PreToolUse,c5ab7f23-406b-474e-aad9-13281db0292b,missed
1785929064.014372,PreToolUse,c5ab7f23-406b-474e-aad9-13281db0292b,missed
1785929064.5072231,PreToolUse,c5ab7f23-406b-474e-aad9-13281db0292b,missed
2026-08-05T10:39:41Z,SessionStart,c5ab7f23-406b-474e-aad9-13281db0292b,matched
2026-08-05T10:43:24Z,Stop,c5ab7f23-406b-474e-aad9-13281db0292b,matched
2026-08-05T11:24:58Z,Stop,c5ab7f23-406b-474e-aad9-13281db0292b,matched
2026-08-05T06:23:17Z,Notification,f57c797c-9f48-4a67-80a8-f184fd73c125,matched
2026-08-05T06:25:37Z,Notification,f57c797c-9f48-4a67-80a8-f184fd73c125,matched
2026-08-05T06:29:38Z,Notification,f57c797c-9f48-4a67-80a8-f184fd73c125,matched
2026-08-05T06:35:22Z,Notification,f57c797c-9f48-4a67-80a8-f184fd73c125,matched
2026-08-05T06:43:19Z,Notification,f57c797c-9f48-4a67-80a8-f184fd73c125,matched
2026-08-05T06:47:53Z,Notification,f57c797c-9f48-4a67-80a8-f184fd73c125,matched
2026-08-05T06:49:32Z,Notification,f57c797c-9f48-4a67-80a8-f184fd73c125,matched
2026-08-05T06:58:43Z,Notification,f57c797c-9f48-4a67-80a8-f184fd73c125,matched
2026-08-05T07:08:53Z,Notification,f57c797c-9f48-4a67-80a8-f184fd73c125,matched
2026-08-05T07:12:22Z,Notification,f57c797c-9f48-4a67-80a8-f184fd73c125,matched
1785910660.363322,PreToolUse,f57c797c-9f48-4a67-80a8-f184fd73c125,missed
1785910661.161442,PreToolUse,f57c797c-9f48-4a67-80a8-f184fd73c125,missed
1785910698.811568,PreToolUse,f57c797c-9f48-4a67-80a8-f184fd73c125,missed
1785910700.204312,PreToolUse,f57c797c-9f48-4a67-80a8-f184fd73c125,missed
1785910815.370254,PreToolUse,f57c797c-9f48-4a67-80a8-f184fd73c125,missed
1785910857.993122,PreToolUse,f57c797c-9f48-4a67-80a8-f184fd73c125,missed
1785910859.710401,PreToolUse,f57c797c-9f48-4a67-80a8-f184fd73c125,missed
1785910897.434604,PreToolUse,f57c797c-9f48-4a67-80a8-f184fd73c125,missed
1785910898.3326058,PreToolUse,f57c797c-9f48-4a67-80a8-f184fd73c125,missed
1785910935.705302,PreToolUse,f57c797c-9f48-4a67-80a8-f184fd73c125,missed
1785910936.551469,PreToolUse,f57c797c-9f48-4a67-80a8-f184fd73c125,missed
1785910956.434666,PreToolUse,f57c797c-9f48-4a67-80a8-f184fd73c125,missed
1785910958.1796212,PreToolUse,f57c797c-9f48-4a67-80a8-f184fd73c125,missed
1785910991.526995,PreToolUse,f57c797c-9f48-4a67-80a8-f184fd73c125,missed
1785911306.6204312,PreToolUse,f57c797c-9f48-4a67-80a8-f184fd73c125,missed
1785911337.555218,PreToolUse,f57c797c-9f48-4a67-80a8-f184fd73c125,missed
1785911339.662945,PreToolUse,f57c797c-9f48-4a67-80a8-f184fd73c125,missed
1785911372.441824,PreToolUse,f57c797c-9f48-4a67-80a8-f184fd73c125,missed
1785911715.889857,PreToolUse,f57c797c-9f48-4a67-80a8-f184fd73c125,missed
1785911893.113152,PreToolUse,f57c797c-9f48-4a67-80a8-f184fd73c125,missed
1785912028.076482,PreToolUse,f57c797c-9f48-4a67-80a8-f184fd73c125,missed
1785912029.5032032,PreToolUse,f57c797c-9f48-4a67-80a8-f184fd73c125,missed
1785912096.5388641,PreToolUse,f57c797c-9f48-4a67-80a8-f184fd73c125,missed
1785912155.857397,PreToolUse,f57c797c-9f48-4a67-80a8-f184fd73c125,missed
1785912160.783835,PreToolUse,f57c797c-9f48-4a67-80a8-f184fd73c125,missed
1785912161.6795251,PreToolUse,f57c797c-9f48-4a67-80a8-f184fd73c125,missed
1785912193.694048,PreToolUse,f57c797c-9f48-4a67-80a8-f184fd73c125,missed
1785912467.4332008,PreToolUse,f57c797c-9f48-4a67-80a8-f184fd73c125,missed
1785912491.906913,PreToolUse,f57c797c-9f48-4a67-80a8-f184fd73c125,missed
1785912535.341951,PreToolUse,f57c797c-9f48-4a67-80a8-f184fd73c125,missed
1785912537.296782,PreToolUse,f57c797c-9f48-4a67-80a8-f184fd73c125,missed
1785912552.42288,PreToolUse,f57c797c-9f48-4a67-80a8-f184fd73c125,missed
1785912566.110307,PreToolUse,f57c797c-9f48-4a67-80a8-f184fd73c125,missed
1785913536.526187,PreToolUse,f57c797c-9f48-4a67-80a8-f184fd73c125,missed
1785913611.8914402,PreToolUse,f57c797c-9f48-4a67-80a8-f184fd73c125,missed
1785913727.514169,PreToolUse,f57c797c-9f48-4a67-80a8-f184fd73c125,missed
1785913819.6454341,PreToolUse,f57c797c-9f48-4a67-80a8-f184fd73c125,missed
1785913828.847115,PreToolUse,f57c797c-9f48-4a67-80a8-f184fd73c125,missed
1785913860.904968,PreToolUse,f57c797c-9f48-4a67-80a8-f184fd73c125,missed
2026-08-05T08:00:06Z,SessionEnd,f57c797c-9f48-4a67-80a8-f184fd73c125,matched
2026-08-05T06:12:41Z,SessionStart,f57c797c-9f48-4a67-80a8-f184fd73c125,matched
2026-08-05T06:24:36Z,Stop,f57c797c-9f48-4a67-80a8-f184fd73c125,matched
2026-08-05T06:57:43Z,Stop,f57c797c-9f48-4a67-80a8-f184fd73c125,matched
2026-08-05T07:11:21Z,Stop,f57c797c-9f48-4a67-80a8-f184fd73c125,matched
SUMMARY,day=2026-08-05;export=219;shadow=1028;matched=219;missed=809;false_positive=0;malformed=0,,
